"id","Date","ClassificationofAssest","SubCategory","AssetSerialNo","QRBarCode","AssetNo","PONO","PODATE","PARTICULARSOFSUPPLIERVENDORNAMEANDADDRESS","ItemDescription","BillNo","BillDate","QUANTITY","CostoftheAssetinINR","TotalInvoiceValueinINR","CustodyDepartment","custodian","CustodianSignature","remarks","created_by","created_at","last_updated_by","last_updated_at"
"390","04/02/2025","Electorinics","Electorinics","","390","SPRO KB+Spen Black","IITTNIF/PO/2024-25/505","04/02/2025","Frontier Business Systems, Chennai, Tamilnadu","SPRO KB+Spen Black","TNBS242535240","04/02/2025","1","21337.94","21337.94","","","","","","","",""
"389","04/02/2025","Electorinics","Electorinics","Spro10 Ultra5/8/256 W11-Black 1-OF37 S.no 0F37F9V24313M4","389","Spro10 Ultra5/8/256 W11-Black S.no 0F37F9V24313M4","IITTNIF/PO/2024-25/505","04/02/2025","Frontier Business Systems, Chennai, Tamilnadu","Spro10 Ultra5/8/256 W11-Black 1-Yearant","TNBS242535240","04/02/2025","1","119792.42","119792.42","","","","","","","",""
"388","24/01/2025","Electorinics","Electorinics","Wood Boocase","388","About Space Engineered Wood Bookcase","N.A","","Amazon India Private limited","Space Engineered Wood Bookcase with 3 Tier Books Storage","XSAJ-82268","24/01/2025","1","1599.00","1599.00","","","","","","","",""
"387","12/01/2025","Electorinics","Electorinics","Mobile Phone","387","Samsung Galaxy M05 Mobile","N.A","","Amazon India Private limited","Samsung Galaxy M05 4GB Ram","MAA4-471903","12/01/2025","1","6999.00","6999.00","","","","","","","",""
"386","21/12/2024","Electorinics","Electorinics","Drill Machine","386","Drill Machine","N.A","","Apar Meditech Solutions","Drill Machine","AMS/122/2024-25","21/11/2024","1","5545.00","5545.00","","","","","","","",""
"385","24/12/2024","Electorinics","Electorinics","Paper Shredder","385","Paper Shredder","N.A","","Kendriya Bandagar Tirupati","Paper Shredder","536/2024-2025","24/12/2024","1","4400.00","4400.00","","","","","","","",""
"384","24/12/2024","Electorinics","Electorinics","Paper Shredder","384","Paper Shredder","N.A","","Kendriya Bandagar Tirupati","Paper Shredder","536/2024-2025","24/12/2024","1","4400.00","4400.00","","","","","","","",""
"383","25/11/2024","Electorinics","Electorinics","Tubibu Modern Wall Art, 100% Metal - Metalic WORLD MAP GLOBE","383","Tubibu Modern Wall Art, 100% Metal - Metalic WORLD MAP GLOBE","N.A","","Amazon India Private limited","Tubibu Modern Wall Art, 100% Metal - Metalic WORLD MAP GLOBE","IN5601","25/11/2024","1","4939.00","4939.00","","","","","","","",""
"382","21/11/2024","Electorinics","Electorinics","Logitech Bcc950 Conference Cam","382","Logitech Bcc950 Conference Cam","N.A","","Amazon India Private limited","Logitec BCC950 Conference Cam USB 2.0 HD","SIDA-201","21/11/2024","1","17650.00","17650.00","","","","","","","",""
"381","21/11/2024","Electorinics","Electorinics","Logitech Bcc950 Conference Cam","381","Logitech Bcc950 Conference Cam","N.A","","Amazon India Private limited","Logitec BCC950 Conference Cam USB 2.0 HD","SIDA-201","21/11/2024","1","17650.00","17650.00","","","","","","","",""
"380","04/12/2024","Electornics","Electornics","Scan Jet Pro 4000 Scanner","380","Scan Jet Pro 4000 Scanner","N.A","","Computer India","Scan Jet Pro 4000 Snw1 6FW08A Scanner","SM301/24-25","04/12/2024","1","44795.00","44795.00","","","","","","","",""
"379","11/11/2024","Furniture","Furniture","Divine Wooden Floor Temple","379","Divine Wooden Floor Temple","N.A","","Decors Mantra","Divine Wooden Floor Temple","2819482","11/11/2024","1","8999.00","8999.00","","","","","","","",""
"378","28/10/2024","Electircal","Electircal","Tea Decoction maker","378","Tea Decoction maker","N.A","","Native Araku Coffee PVT Ltd","Tea Decoction maker","18","28/10/2024","1","8100.00","8100.00","","","","","","","",""
"377","28/10/2024","Electircal","Electircal","Coffee decoction maker","377","Coffee decoction maker","N.A","","Native Araku Coffee PVT Ltd","Coffee decoction maker","18","28/10/2024","1","9360.00","9360.00","","","","","","","",""
"376","28/10/2024","Electircal","Electircal","Milk Boiler 3 Ltr","376","Milk Boiler 3 Ltr","N.A","","Native Araku Coffee PVT Ltd","Milk Boiler 3 Ltr","18","28/10/2024","1","17700.00","17700.00","","","","","","","",""
"375","08/11/2024","Electorinics","Electorinics","Tripod for Camera","375","Tripod for Camera","GEMC-511687709894014","08/11/2024","Mahi Enterprises","Tripod for Camera","70","08/11/2024","1","1970.00","1970.00","","","","","","","",""
"374","22/10/2024","Electorinics","Electorinics","Soil Moisture& Temparature Sensor","374","Soil Moisture& Temparature Sensor","IITTNIF/PO/2024-25/501","14/10/2024","Campbell Scientifici India","Soil Moisture & temperature Sensor","CS/24-25/400","22/10/2024","1","32688.00","32688.00","","","","","","","",""
"373","22/10/2024","Electorinics","Electorinics","Soil Moisture& Temparature Sensor","373","Soil Moisture& Temparature Sensor","IITTNIF/PO/2024-25/501","14/10/2024","Campbell Scientifici India","Soil Moisture & temperature Sensor","CS/24-25/400","22/10/2024","1","32688.00","32688.00","","","","","","","",""
"372","22/10/2024","Electorinics","Electorinics","Soil Moisture& Temparature Sensor","372","Soil Moisture& Temparature Sensor","IITTNIF/PO/2024-25/501","14/10/2024","Campbell Scientifici India","Soil Moisture & temperature Sensor","CS/24-25/400","22/10/2024","1","32688.00","32688.00","","","","","","","",""
"371","03/07/2024","Electorinics","Electorinics","","371","Beetel Landline Phone","Direct Purchase","","Om Sree Ganesh Electornis&Communications","Beetel  Cordless Phones","384","03/07/2024","1","2900.00","2900.00","Hand over to Prabhu","","","","","","",""
"370","03/07/2024","Electorinics","Electorinics","","370","Beetel Landline Phone","Direct Purchase","","Om Sree Ganesh Electornis&Communications","Beetel  Cordless Phones","384","03/07/2024","1","2900.00","2900.00","Room Number 11","","","","","","",""
"369","15/03/2024","Electorinics","Electorinics","","369","LG 65 Inch Display 65UR405","IITTNIF/PO/2023-24/15","06/03/0204","Crystal Networks","LG 65 Inch Display 65UR6405","CN/23-24/44","15/03/2024","1","104960.00","104960.00","Room Number 11","","","","","","",""
"368","15/03/2024","Electorinics","Electorinics","","368","LG 65 Inch Display 65UR405","IITTNIF/PO/2023-24/15","06/03/0204","Crystal Networks","LG 65 Inch Display 65UR6405","CN/23-24/44","15/03/2024","1","104960.00","104960.00","Room Number 11","","","","","","",""
"367","15/03/2024","Electorinics","Electorinics","","367","LG 65 Inch Display 65UR405","IITTNIF/PO/2023-24/15","06/03/0204","Crystal Networks","LG 65 Inch Display 65UR6405","CN/23-24/44","15/03/2024","1","104960.00","104960.00","Room Number 7","","","","","","",""
"366","15/03/2024","Electorinics","Electorinics","","366","LG 65 Inch Display 65UR405","IITTNIF/PO/2023-24/15","06/03/0204","Crystal Networks","LG 65 Inch Display 65UR6405","CN/23-24/44","15/03/2024","1","104960.00","104960.00","Room Number 7","","","","","","",""
"365","15/03/2024","Electorinics","Electorinics","","365","Display Floor Mount Stand","IITTNIF/PO/2023-24/15","06/03/0204","Crystal Networks","Display Floor Mount Stand","CN/23-24/44","15/03/2024","1","40960.00","40960.00","Meeting Room","","","","","","",""
"364","15/03/2024","Electorinics","Electorinics","","364","Display Floor Mount Stand","IITTNIF/PO/2023-24/15","06/03/0204","Crystal Networks","Display Floor Mount Stand","CN/23-24/44","15/03/2024","1","40960.00","40960.00","Meeting Room","","","","","","",""
"363","15/03/2024","Electorinics","Electorinics","","363","LG 86-inch Display 86UL3J","IITTNIF/PO/2023-24/15","06/03/0204","Crystal Networks","LG 86-Inch Display 86UL3J","CN/23-24/44","15/03/2024","1","408320.00","408320.00","GNSS Technical Room (10)","","","","","","",""
"362","15/03/2024","Electorinics","Electorinics","","362","LG 75 Inch Display 75UL3J","IITTNIF/PO/2023-24/15","15/03/2024","Crystal Networks","LG 75 Inch Display 75UL3J","CN/23-24/44","15/03/2024","1","211200.00","211200.00","Gm Room","","","","","","",""
"361","15/03/2024","Electorinics","Electorinics","","361","LG 75 Inch Display 75UL3J","IITTNIF/PO/2023-24/15","15/03/2024","Crystal Networks","LG 75 Inch Display 75UL3J","CN/23-24/44","15/03/2024","1","211200.00","211200.00","Meeting Room","","","","","","",""
"360","15/03/2024","Electorinics","Electorinics","","360","LG 75 Inch Display 75UL3J","IITTNIF/PO/2023-24/15","15/03/2024","Crystal Networks","LG 75 Inch Display 75UL3J","CN/23-24/44","15/03/2024","1","211200.00","211200.00","Computer Lab","","","","","","",""
"359","15/03/2024","Electorinics","Electorinics","","359","LG 75 Inch Display 75UL3J","IITTNIF/PO/2023-24/15","15/03/2024","Crystal Networks","LG 75 Inch Display 75UL3J","CN/23-24/44","15/03/2024","1","211200.00","211200.00","Computer Lab","","","","","","",""
"358","17/03/2024","Electorinics","Electorinics","","358","Display Stand, Floor Mount Stand","IITTNIF/PO/2023-24-16","06/03/2024","Crystal Networks","Display Stand, Floor Mount Stand","CN/23-24/45","15/03/2024","1","37760.00","37760.00","GM Room","","","","","","",""
"357","17/03/2024","Electorinics","Electorinics","","357","PTZ Camer, 31X Optical Zoom","IITTNIF/PO/2023-24-16","06/03/2024","Crystal Networks","PTZ Camer, 31X Optical Zoom, SDI, HDMI, USB 2.0, Lan, RS232/IN/OUT, RS485/A-in","CN/23-24/45","15/03/2024","1","341964.00","341964.00","Meeting Room","","","","","","",""
"356","17/03/2024","Electorinics","Electorinics","","356","Speaker for Large Size Rooms","IITTNIF/PO/2023-24-16","06/03/2024","Crystal Networks","Speaker Phone for Large Size Rooms, Poly Trio with Expansion Micro Phones","CN/23-24/45","15/03/2024","1","444629.00","444629.00","Meeting Room","","","","","","",""
"355","17/03/2024","Electorinics","Electorinics","","355","LG 98 Inch Intractive Touch Display","IITTNIF/PO/2023-24-16","06/03/2024","Crystal Networks","LG 98 Inch Intractive Touch Display with OPS (LG-98TR 3PJ)","CN/23-24/45","15/03/2024","1","1032500.00","1032500.00","Meeting Room","","","","","","",""
"354","25/03/2024","Furniture","Furniture","N.A","354","Conference Table","IITTNIF/PO/2023-24-12","25/03/2024","SKY Engineering& Interiors","Conference Table/1650*1000M","58","25/03/2024","1","37170.00","37170.00","","","","","","","",""
"353","25/03/2024","Furniture","Furniture","N.A","353","Conference Table","IITTNIF/PO/2023-24-12","25/03/2024","SKY Engineering& Interiors","Conference Table/1650*1000M","58","25/03/2024","1","37170.00","37170.00","","","","","","","",""
"352","25/03/2024","Furniture","Furniture","N.A","352","Conference Table","IITTNIF/PO/2023-24-12","25/03/2024","SKY Engineering& Interiors","Conference Table/1650*1000M","58","25/03/2024","1","37170.00","37170.00","","","","","","","",""
"351","25/03/2024","Furniture","Furniture","N.A","351","Conference Table","IITTNIF/PO/2023-24-12","25/03/2024","SKY Engineering& Interiors","Conference Table/1650*1000M","58","25/03/2024","1","37170.00","37170.00","","","","","","","",""
"350","28/03/2024","Furniture","Furniture","N.A","350","Mediuam Back Mesh Seast Adjustable Arms Chairs","IITTNIF/PO/2023-24-12","28/03/2024","SKY Engineering& Interiors","Mediuam Back Mesh Back PU Seast Adjustable Arms Chairs","61","28/03/2024","1","6608.00","6608.00","","","","","","","",""
"349","28/03/2024","Furniture","Furniture","N.A","349","Mediuam Back Mesh Seast Adjustable Arms Chairs","IITTNIF/PO/2023-24-12","28/03/2024","SKY Engineering& Interiors","Mediuam Back Mesh Back PU Seast Adjustable Arms Chairs","61","28/03/2024","1","6608.00","6608.00","","","","","","","",""
"348","28/03/2024","Furniture","Furniture","N.A","348","Mediuam Back Mesh Seast Adjustable Arms Chairs","IITTNIF/PO/2023-24-12","28/03/2024","SKY Engineering& Interiors","Mediuam Back Mesh Back PU Seast Adjustable Arms Chairs","61","28/03/2024","1","6608.00","6608.00","","","","","","","",""
"347","28/03/2024","Furniture","Furniture","N.A","347","Mediuam Back Mesh Seast Adjustable Arms Chairs","IITTNIF/PO/2023-24-12","28/03/2024","SKY Engineering& Interiors","Mediuam Back Mesh Back PU Seast Adjustable Arms Chairs","61","28/03/2024","1","6608.00","6608.00","","","","","","","",""
"346","28/03/2024","Furniture","Furniture","N.A","346","Mediuam Back Mesh Seast Adjustable Arms Chairs","IITTNIF/PO/2023-24-12","28/03/2024","SKY Engineering& Interiors","Mediuam Back Mesh Back PU Seast Adjustable Arms Chairs","61","28/03/2024","1","6608.00","6608.00","","","","","","","",""
"345","28/03/2024","Furniture","Furniture","N.A","345","Mediuam Back Mesh Seast Adjustable Arms Chairs","IITTNIF/PO/2023-24-12","28/03/2024","SKY Engineering& Interiors","Mediuam Back Mesh Back PU Seast Adjustable Arms Chairs","61","28/03/2024","1","6608.00","6608.00","","","","","","","",""
"344","28/03/2024","Furniture","Furniture","N.A","344","Mediuam Back Mesh Seast Adjustable Arms Chairs","IITTNIF/PO/2023-24-12","28/03/2024","SKY Engineering& Interiors","Mediuam Back Mesh Back PU Seast Adjustable Arms Chairs","61","28/03/2024","1","6608.00","6608.00","","","","","","","",""
"343","28/03/2024","Furniture","Furniture","N.A","343","Mediuam Back Mesh Seast Adjustable Arms Chairs","IITTNIF/PO/2023-24-12","28/03/2024","SKY Engineering& Interiors","Mediuam Back Mesh Back PU Seast Adjustable Arms Chairs","61","28/03/2024","1","6608.00","6608.00","","","","","","","",""
"342","28/03/2024","Furniture","Furniture","N.A","342","Mediuam Back Mesh Seast Adjustable Arms Chairs","IITTNIF/PO/2023-24-12","28/03/2024","SKY Engineering& Interiors","Mediuam Back Mesh Back PU Seast Adjustable Arms Chairs","61","28/03/2024","1","6608.00","6608.00","","","","","","","",""
"341","28/03/2024","Furniture","Furniture","N.A","341","Mediuam Back Mesh Seast Adjustable Arms Chairs","IITTNIF/PO/2023-24-12","28/03/2024","SKY Engineering& Interiors","Mediuam Back Mesh Back PU Seast Adjustable Arms Chairs","61","28/03/2024","1","6608.00","6608.00","","","","","","","",""
"340","28/03/2024","Furniture","Furniture","N.A","340","Mediuam Back Mesh Seast Adjustable Arms Chairs","IITTNIF/PO/2023-24-12","28/03/2024","SKY Engineering& Interiors","Mediuam Back Mesh Back PU Seast Adjustable Arms Chairs","61","28/03/2024","1","6608.00","6608.00","","","","","","","",""
"339","28/03/2024","Furniture","Furniture","N.A","339","Mediuam Back Mesh Seast Adjustable Arms Chairs","IITTNIF/PO/2023-24-12","28/03/2024","SKY Engineering& Interiors","Mediuam Back Mesh Back PU Seast Adjustable Arms Chairs","61","28/03/2024","1","6608.00","6608.00","","","","","","","",""
"338","28/03/2024","Furniture","Furniture","N.A","338","Mediuam Back Mesh Seast Adjustable Arms Chairs","IITTNIF/PO/2023-24-12","28/03/2024","SKY Engineering& Interiors","Mediuam Back Mesh Back PU Seast Adjustable Arms Chairs","61","28/03/2024","1","6608.00","6608.00","","","","","","","",""
"337","28/03/2024","Furniture","Furniture","N.A","337","Mediuam Back Mesh Seast Adjustable Arms Chairs","IITTNIF/PO/2023-24-12","28/03/2024","SKY Engineering& Interiors","Mediuam Back Mesh Back PU Seast Adjustable Arms Chairs","61","28/03/2024","1","6608.00","6608.00","","","","","","","",""
"336","28/03/2024","Furniture","Furniture","N.A","336","Mediuam Back Mesh Seast Adjustable Arms Chairs","IITTNIF/PO/2023-24-12","28/03/2024","SKY Engineering& Interiors","Mediuam Back Mesh Back PU Seast Adjustable Arms Chairs","61","28/03/2024","1","6608.00","6608.00","","","","","","","",""
"335","28/03/2024","Furniture","Furniture","N.A","335","Mediuam Back Mesh Seast Adjustable Arms Chairs","IITTNIF/PO/2023-24-12","28/03/2024","SKY Engineering& Interiors","Mediuam Back Mesh Back PU Seast Adjustable Arms Chairs","61","28/03/2024","1","6608.00","6608.00","","","","","","","",""
"334","28/03/2024","Furniture","Furniture","N.A","334","Mediuam Back Mesh Seast Adjustable Arms Chairs","IITTNIF/PO/2023-24-12","28/03/2024","SKY Engineering& Interiors","Mediuam Back Mesh Back PU Seast Adjustable Arms Chairs","61","28/03/2024","1","6608.00","6608.00","","","","","","","",""
"333","28/03/2024","Furniture","Furniture","N.A","333","Mediuam Back Mesh Seast Adjustable Arms Chairs","IITTNIF/PO/2023-24-12","28/03/2024","SKY Engineering& Interiors","Mediuam Back Mesh Back PU Seast Adjustable Arms Chairs","61","28/03/2024","1","6608.00","6608.00","","","","","","","",""
"332","28/03/2024","Furniture","Furniture","N.A","332","Mediuam Back Mesh Seast Adjustable Arms Chairs","IITTNIF/PO/2023-24-12","28/03/2024","SKY Engineering& Interiors","Mediuam Back Mesh Back PU Seast Adjustable Arms Chairs","61","28/03/2024","1","6608.00","6608.00","","","","","","","",""
"331","21/03/2024","Furniture","Furniture","N.A","331","MBFA Mediuam Black Mesh Chair","IITTNIF/PO/2023-24-13","02/02/2024","SKY Engineering& Interiors","FC805/MBFA Mediuam MBFA Black Mesh PU Seat Fixed Arms","55","21/03/2024","1","4720.00","4720.00","","","","","","","",""
"330","21/03/2024","Furniture","Furniture","N.A","330","MBFA Mediuam Black Mesh Chair","IITTNIF/PO/2023-24-13","02/02/2024","SKY Engineering& Interiors","FC805/MBFA Mediuam MBFA Black Mesh PU Seat Fixed Arms","55","21/03/2024","1","4720.00","4720.00","","","","","","","",""
"329","21/03/2024","Furniture","Furniture","N.A","329","MBFA Mediuam Black Mesh Chair","IITTNIF/PO/2023-24-13","02/02/2024","SKY Engineering& Interiors","FC805/MBFA Mediuam MBFA Black Mesh PU Seat Fixed Arms","55","21/03/2024","1","4720.00","4720.00","","","","","","","",""
"328","21/03/2024","Furniture","Furniture","N.A","328","MBFA Mediuam Black Mesh Chair","IITTNIF/PO/2023-24-13","02/02/2024","SKY Engineering& Interiors","FC805/MBFA Mediuam MBFA Black Mesh PU Seat Fixed Arms","55","21/03/2024","1","4720.00","4720.00","","","","","","","",""
"327","21/03/2024","Furniture","Furniture","N.A","327","MBFA Mediuam Black Mesh Chair","IITTNIF/PO/2023-24-13","02/02/2024","SKY Engineering& Interiors","FC805/MBFA Mediuam MBFA Black Mesh PU Seat Fixed Arms","55","21/03/2024","1","4720.00","4720.00","","","","","","","",""
"326","21/03/2024","Furniture","Furniture","N.A","326","MBFA Mediuam Black Mesh Chair","IITTNIF/PO/2023-24-13","02/02/2024","SKY Engineering& Interiors","FC805/MBFA Mediuam MBFA Black Mesh PU Seat Fixed Arms","55","21/03/2024","1","4720.00","4720.00","","","","","","","",""
"325","21/03/2024","Furniture","Furniture","N.A","325","MBFA Mediuam Black Mesh Chair","IITTNIF/PO/2023-24-13","02/02/2024","SKY Engineering& Interiors","FC805/MBFA Mediuam MBFA Black Mesh PU Seat Fixed Arms","55","21/03/2024","1","4720.00","4720.00","","","","","","","",""
"324","21/03/2024","Furniture","Furniture","N.A","324","MBFA Mediuam Black Mesh Chair","IITTNIF/PO/2023-24-13","02/02/2024","SKY Engineering& Interiors","FC805/MBFA Mediuam MBFA Black Mesh PU Seat Fixed Arms","55","21/03/2024","1","4720.00","4720.00","","","","","","","",""
"323","21/03/2024","Furniture","Furniture","N.A","323","MBFA Mediuam Black Mesh Chair","IITTNIF/PO/2023-24-13","02/02/2024","SKY Engineering& Interiors","FC805/MBFA Mediuam MBFA Black Mesh PU Seat Fixed Arms","55","21/03/2024","1","4720.00","4720.00","","","","","","","",""
"322","21/03/2024","Furniture","Furniture","N.A","322","MBFA Mediuam Black Mesh Chair","IITTNIF/PO/2023-24-13","02/02/2024","SKY Engineering& Interiors","FC805/MBFA Mediuam MBFA Black Mesh PU Seat Fixed Arms","55","21/03/2024","1","4720.00","4720.00","","","","","","","",""
"321","21/03/2024","Furniture","Furniture","N.A","321","MBFA Mediuam Black Mesh Chair","IITTNIF/PO/2023-24-13","02/02/2024","SKY Engineering& Interiors","FC805/MBFA Mediuam MBFA Black Mesh PU Seat Fixed Arms","55","21/03/2024","1","4720.00","4720.00","","","","","","","",""
"320","21/03/2024","Furniture","Furniture","N.A","320","MBFA Mediuam Black Mesh Chair","IITTNIF/PO/2023-24-13","02/02/2024","SKY Engineering& Interiors","FC805/MBFA Mediuam MBFA Black Mesh PU Seat Fixed Arms","55","21/03/2024","1","4720.00","4720.00","","","","","","","",""
"319","21/03/2024","Furniture","Furniture","N.A","319","MBFA Mediuam Black Mesh Chair","IITTNIF/PO/2023-24-13","02/02/2024","SKY Engineering& Interiors","FC805/MBFA Mediuam MBFA Black Mesh PU Seat Fixed Arms","55","21/03/2024","1","4720.00","4720.00","","","","","","","",""
"318","21/03/2024","Furniture","Furniture","N.A","318","MBFA Mediuam Black Mesh Chair","IITTNIF/PO/2023-24-13","02/02/2024","SKY Engineering& Interiors","FC805/MBFA Mediuam MBFA Black Mesh PU Seat Fixed Arms","55","21/03/2024","1","4720.00","4720.00","","","","","","","",""
"317","21/03/2024","Furniture","Furniture","N.A","317","MBFA Mediuam Black Mesh Chair","IITTNIF/PO/2023-24-13","02/02/2024","SKY Engineering& Interiors","FC805/MBFA Mediuam MBFA Black Mesh PU Seat Fixed Arms","55","21/03/2024","1","4720.00","4720.00","","","","","","","",""
"316","21/03/2024","Furniture","Furniture","N.A","316","MBFA Mediuam Black Mesh Chair","IITTNIF/PO/2023-24-13","02/02/2024","SKY Engineering& Interiors","FC805/MBFA Mediuam MBFA Black Mesh PU Seat Fixed Arms","55","21/03/2024","1","4720.00","4720.00","","","","","","","",""
"315","21/03/2024","Furniture","Furniture","N.A","315","MBFA Mediuam Black Mesh Chair","IITTNIF/PO/2023-24-13","02/02/2024","SKY Engineering& Interiors","FC805/MBFA Mediuam MBFA Black Mesh PU Seat Fixed Arms","55","21/03/2024","1","4720.00","4720.00","","","","","","","",""
"314","21/03/2024","Furniture","Furniture","N.A","314","MBFA Mediuam Black Mesh Chair","IITTNIF/PO/2023-24-13","02/02/2024","SKY Engineering& Interiors","FC805/MBFA Mediuam MBFA Black Mesh PU Seat Fixed Arms","55","21/03/2024","1","4720.00","4720.00","","","","","","","",""
"313","21/03/2024","Furniture","Furniture","N.A","313","MBFA Mediuam Black Mesh Chair","IITTNIF/PO/2023-24-13","02/02/2024","SKY Engineering& Interiors","FC805/MBFA Mediuam MBFA Black Mesh PU Seat Fixed Arms","55","21/03/2024","1","4720.00","4720.00","","","","","","","",""
"312","21/03/2024","Furniture","Furniture","N.A","312","MBFA Mediuam Black Mesh Chair","IITTNIF/PO/2023-24-13","02/02/2024","SKY Engineering& Interiors","FC805/MBFA Mediuam MBFA Black Mesh PU Seat Fixed Arms","55","21/03/2024","1","4720.00","4720.00","","","","","","","",""
"311","21/03/2024","Furniture","Furniture","N.A","311","MBFA Mediuam Black Mesh Chair","IITTNIF/PO/2023-24-13","02/02/2024","SKY Engineering& Interiors","FC805/MBFA Mediuam MBFA Black Mesh PU Seat Fixed Arms","55","21/03/2024","1","4720.00","4720.00","","","","","","","",""
"310","21/03/2024","Furniture","Furniture","N.A","310","MBFA Mediuam Black Mesh Chair","IITTNIF/PO/2023-24-13","02/02/2024","SKY Engineering& Interiors","FC805/MBFA Mediuam MBFA Black Mesh PU Seat Fixed Arms","55","21/03/2024","1","4720.00","4720.00","","","","","","","",""
"309","21/03/2024","Furniture","Furniture","N.A","309","MBFA Mediuam Black Mesh Chair","IITTNIF/PO/2023-24-13","02/02/2024","SKY Engineering& Interiors","FC805/MBFA Mediuam MBFA Black Mesh PU Seat Fixed Arms","55","21/03/2024","1","4720.00","4720.00","","","","","","","",""
"308","21/03/2024","Furniture","Furniture","N.A","308","MBFA Mediuam Black Mesh Chair","IITTNIF/PO/2023-24-13","02/02/2024","SKY Engineering& Interiors","FC805/MBFA Mediuam MBFA Black Mesh PU Seat Fixed Arms","55","21/03/2024","1","4720.00","4720.00","","","","","","","",""
"307","21/03/2024","Furniture","Furniture","N.A","307","MBFA Mediuam Black Mesh Chair","IITTNIF/PO/2023-24-13","02/02/2024","SKY Engineering& Interiors","FC805/MBFA Mediuam MBFA Black Mesh PU Seat Fixed Arms","55","21/03/2024","1","4720.00","4720.00","","","","","","","",""
"306","21/03/2024","Furniture","Furniture","N.A","306","MBFA Mediuam Black Mesh Chair","IITTNIF/PO/2023-24-13","02/02/2024","SKY Engineering& Interiors","FC805/MBFA Mediuam MBFA Black Mesh PU Seat Fixed Arms","55","21/03/2024","1","4720.00","4720.00","","","","","","","",""
"305","21/03/2024","Furniture","Furniture","N.A","305","MBFA Mediuam Black Mesh Chair","IITTNIF/PO/2023-24-13","02/02/2024","SKY Engineering& Interiors","FC805/MBFA Mediuam MBFA Black Mesh PU Seat Fixed Arms","55","21/03/2024","1","4720.00","4720.00","","","","","","","",""
"304","21/03/2024","Furniture","Furniture","N.A","304","MBFA Mediuam Black Mesh Chair","IITTNIF/PO/2023-24-13","02/02/2024","SKY Engineering& Interiors","FC805/MBFA Mediuam MBFA Black Mesh PU Seat Fixed Arms","55","21/03/2024","1","4720.00","4720.00","","","","","","","",""
"303","21/03/2024","Furniture","Furniture","N.A","303","MBFA Mediuam Black Mesh Chair","IITTNIF/PO/2023-24-13","02/02/2024","SKY Engineering& Interiors","FC805/MBFA Mediuam MBFA Black Mesh PU Seat Fixed Arms","55","21/03/2024","1","4720.00","4720.00","","","","","","","",""
"302","21/03/2024","Furniture","Furniture","N.A","302","MBFA Mediuam Black Mesh Chair","IITTNIF/PO/2023-24-13","02/02/2024","SKY Engineering& Interiors","FC805/MBFA Mediuam MBFA Black Mesh PU Seat Fixed Arms","55","21/03/2024","1","4720.00","4720.00","","","","","","","",""
"301","21/03/2024","Furniture","Furniture","N.A","301","MBFA Mediuam Black Mesh Chair","IITTNIF/PO/2023-24-13","02/02/2024","SKY Engineering& Interiors","FC805/MBFA Mediuam MBFA Black Mesh PU Seat Fixed Arms","55","21/03/2024","1","4720.00","4720.00","","","","","","","",""
"300","21/03/2024","Furniture","Furniture","N.A","300","MBFA Mediuam Black Mesh Chair","IITTNIF/PO/2023-24-13","02/02/2024","SKY Engineering& Interiors","FC805/MBFA Mediuam MBFA Black Mesh PU Seat Fixed Arms","55","21/03/2024","1","4720.00","4720.00","","","","","","","",""
"299","21/03/2024","Furniture","Furniture","N.A","299","MBFA Mediuam Black Mesh Chair","IITTNIF/PO/2023-24-13","02/02/2024","SKY Engineering& Interiors","FC805/MBFA Mediuam MBFA Black Mesh PU Seat Fixed Arms","55","21/03/2024","1","4720.00","4720.00","","","","","","","",""
"298","21/03/2024","Furniture","Furniture","N.A","298","MBFA Mediuam Black Mesh Chair","IITTNIF/PO/2023-24-13","02/02/2024","SKY Engineering& Interiors","FC805/MBFA Mediuam MBFA Black Mesh PU Seat Fixed Arms","55","21/03/2024","1","4720.00","4720.00","","","","","","","",""
"297","21/03/2024","Furniture","Furniture","N.A","297","MBFA Mediuam Black Mesh Chair","IITTNIF/PO/2023-24-13","02/02/2024","SKY Engineering& Interiors","FC805/MBFA Mediuam MBFA Black Mesh PU Seat Fixed Arms","55","21/03/2024","1","4720.00","4720.00","","","","","","","",""
"296","21/03/2024","Furniture","Furniture","N.A","296","MBFA Mediuam Black Mesh Chair","IITTNIF/PO/2023-24-13","02/02/2024","SKY Engineering& Interiors","FC805/MBFA Mediuam MBFA Black Mesh PU Seat Fixed Arms","55","21/03/2024","1","4720.00","4720.00","","","","","","","",""
"295","21/03/2024","Furniture","Furniture","N.A","295","MBFA Mediuam Black Mesh Chair","IITTNIF/PO/2023-24-13","02/02/2024","SKY Engineering& Interiors","FC805/MBFA Mediuam MBFA Black Mesh PU Seat Fixed Arms","55","21/03/2024","1","4720.00","4720.00","","","","","","","",""
"294","21/03/2024","Furniture","Furniture","N.A","294","MBFA Mediuam Black Mesh Chair","IITTNIF/PO/2023-24-13","02/02/2024","SKY Engineering& Interiors","FC805/MBFA Mediuam MBFA Black Mesh PU Seat Fixed Arms","55","21/03/2024","1","4720.00","4720.00","","","","","","","",""
"293","21/03/2024","Furniture","Furniture","N.A","293","MBFA Mediuam Black Mesh Chair","IITTNIF/PO/2023-24-13","02/02/2024","SKY Engineering& Interiors","FC805/MBFA Mediuam MBFA Black Mesh PU Seat Fixed Arms","55","21/03/2024","1","4720.00","4720.00","","","","","","","",""
"292","21/03/2024","Furniture","Furniture","N.A","292","MBFA Mediuam Black Mesh Chair","IITTNIF/PO/2023-24-13","02/02/2024","SKY Engineering& Interiors","FC805/MBFA Mediuam MBFA Black Mesh PU Seat Fixed Arms","55","21/03/2024","1","4720.00","4720.00","","","","","","","",""
"291","21/03/2024","Furniture","Furniture","N.A","291","MBFA Mediuam Black Mesh Chair","IITTNIF/PO/2023-24-13","02/02/2024","SKY Engineering& Interiors","FC805/MBFA Mediuam MBFA Black Mesh PU Seat Fixed Arms","55","21/03/2024","1","4720.00","4720.00","","","","","","","",""
"290","21/03/2024","Furniture","Furniture","N.A","290","MBFA Mediuam Black Mesh Chair","IITTNIF/PO/2023-24-13","02/02/2024","SKY Engineering& Interiors","FC805/MBFA Mediuam MBFA Black Mesh PU Seat Fixed Arms","55","21/03/2024","1","4720.00","4720.00","","","","","","","",""
"289","21/03/2024","Furniture","Furniture","N.A","289","MBFA Mediuam Black Mesh Chair","IITTNIF/PO/2023-24-13","02/02/2024","SKY Engineering& Interiors","FC805/MBFA Mediuam MBFA Black Mesh PU Seat Fixed Arms","55","21/03/2024","1","4720.00","4720.00","","","","","","","",""
"288","21/03/2024","Furniture","Furniture","N.A","288","MBFA Mediuam Black Mesh Chair","IITTNIF/PO/2023-24-13","02/02/2024","SKY Engineering& Interiors","FC805/MBFA Mediuam MBFA Black Mesh PU Seat Fixed Arms","55","21/03/2024","1","4720.00","4720.00","","","","","","","",""
"287","21/03/2024","Furniture","Furniture","N.A","287","MBFA Mediuam Black Mesh Chair","IITTNIF/PO/2023-24-13","02/02/2024","SKY Engineering& Interiors","FC805/MBFA Mediuam MBFA Black Mesh PU Seat Fixed Arms","55","21/03/2024","1","4720.00","4720.00","","","","","","","",""
"286","21/03/2024","Furniture","Furniture","N.A","286","MBFA Mediuam Black Mesh Chair","IITTNIF/PO/2023-24-13","02/02/2024","SKY Engineering& Interiors","FC805/MBFA Mediuam MBFA Black Mesh PU Seat Fixed Arms","55","21/03/2024","1","4720.00","4720.00","","","","","","","",""
"285","21/03/2024","Furniture","Furniture","N.A","285","MBFA Mediuam Black Mesh Chair","IITTNIF/PO/2023-24-13","02/02/2024","SKY Engineering& Interiors","FC805/MBFA Mediuam MBFA Black Mesh PU Seat Fixed Arms","55","21/03/2024","1","4720.00","4720.00","","","","","","","",""
"284","21/03/2024","Furniture","Furniture","N.A","284","MBFA Mediuam Black Mesh Chair","IITTNIF/PO/2023-24-13","02/02/2024","SKY Engineering& Interiors","FC805/MBFA Mediuam MBFA Black Mesh PU Seat Fixed Arms","55","21/03/2024","1","4720.00","4720.00","","","","","","","",""
"283","21/03/2024","Furniture","Furniture","N.A","283","MBFA Mediuam Black Mesh Chair","IITTNIF/PO/2023-24-13","02/02/2024","SKY Engineering& Interiors","FC805/MBFA Mediuam MBFA Black Mesh PU Seat Fixed Arms","55","21/03/2024","1","4720.00","4720.00","","","","","","","",""
"282","21/03/2024","Furniture","Furniture","N.A","282","MBFA Mediuam Black Mesh Chair","IITTNIF/PO/2023-24-13","02/02/2024","SKY Engineering& Interiors","FC805/MBFA Mediuam MBFA Black Mesh PU Seat Fixed Arms","55","21/03/2024","1","4720.00","4720.00","","","","","","","",""
"281","21/03/2024","Furniture","Furniture","N.A","281","MBFA Mediuam Black Mesh Chair","IITTNIF/PO/2023-24-13","02/02/2024","SKY Engineering& Interiors","FC805/MBFA Mediuam MBFA Black Mesh PU Seat Fixed Arms","55","21/03/2024","1","4720.00","4720.00","","","","","","","",""
"280","21/03/2024","Furniture","Furniture","N.A","280","MBFA Mediuam Black Mesh Chair","IITTNIF/PO/2023-24-13","02/02/2024","SKY Engineering& Interiors","FC805/MBFA Mediuam MBFA Black Mesh PU Seat Fixed Arms","55","21/03/2024","1","4720.00","4720.00","","","","","","","",""
"279","21/03/2024","Furniture","Furniture","N.A","279","MBFA Mediuam Black Mesh Chair","IITTNIF/PO/2023-24-13","02/02/2024","SKY Engineering& Interiors","FC805/MBFA Mediuam MBFA Black Mesh PU Seat Fixed Arms","55","21/03/2024","1","4720.00","4720.00","","","","","","","",""
"278","21/03/2024","Furniture","Furniture","N.A","278","MBFA Mediuam Black Mesh Chair","IITTNIF/PO/2023-24-13","02/02/2024","SKY Engineering& Interiors","FC805/MBFA Mediuam MBFA Black Mesh PU Seat Fixed Arms","55","21/03/2024","1","4720.00","4720.00","","","","","","","",""
"277","21/03/2024","Furniture","Furniture","N.A","277","MBFA Mediuam Black Mesh Chair","IITTNIF/PO/2023-24-13","02/02/2024","SKY Engineering& Interiors","FC805/MBFA Mediuam MBFA Black Mesh PU Seat Fixed Arms","55","21/03/2024","1","4720.00","4720.00","","","","","","","",""
"276","21/03/2024","Furniture","Furniture","N.A","276","MBFA Mediuam Black Mesh Chair","IITTNIF/PO/2023-24-13","02/02/2024","SKY Engineering& Interiors","FC805/MBFA Mediuam MBFA Black Mesh PU Seat Fixed Arms","55","21/03/2024","1","4720.00","4720.00","","","","","","","",""
"275","21/03/2024","Furniture","Furniture","N.A","275","MBFA Mediuam Black Mesh Chair","IITTNIF/PO/2023-24-13","02/02/2024","SKY Engineering& Interiors","FC805/MBFA Mediuam MBFA Black Mesh PU Seat Fixed Arms","55","21/03/2024","1","4720.00","4720.00","","","","","","","",""
"274","21/03/2024","Furniture","Furniture","N.A","274","MBFA Mediuam Black Mesh Chair","IITTNIF/PO/2023-24-13","02/02/2024","SKY Engineering& Interiors","FC805/MBFA Mediuam MBFA Black Mesh PU Seat Fixed Arms","55","21/03/2024","1","4720.00","4720.00","","","","","","","",""
"273","21/03/2024","Furniture","Furniture","N.A","273","MBFA Mediuam Black Mesh Chair","IITTNIF/PO/2023-24-13","02/02/2024","SKY Engineering& Interiors","FC805/MBFA Mediuam MBFA Black Mesh PU Seat Fixed Arms","55","21/03/2024","1","4720.00","4720.00","","","","","","","",""
"272","21/03/2024","Furniture","Furniture","N.A","272","MBFA Mediuam Black Mesh Chair","IITTNIF/PO/2023-24-13","02/02/2024","SKY Engineering& Interiors","FC805/MBFA Mediuam MBFA Black Mesh PU Seat Fixed Arms","55","21/03/2024","1","4720.00","4720.00","","","","","","","",""
"271","21/03/2024","Furniture","Furniture","N.A","271","MBFA Mediuam Black Mesh Chair","IITTNIF/PO/2023-24-13","02/02/2024","SKY Engineering& Interiors","FC805/MBFA Mediuam MBFA Black Mesh PU Seat Fixed Arms","55","21/03/2024","1","4720.00","4720.00","","","","","","","",""
"270","21/03/2024","Furniture","Furniture","N.A","270","MBFA Mediuam Black Mesh Chair","IITTNIF/PO/2023-24-13","02/02/2024","SKY Engineering& Interiors","FC805/MBFA Mediuam MBFA Black Mesh PU Seat Fixed Arms","55","21/03/2024","1","4720.00","4720.00","","","","","","","",""
"269","21/03/2024","Furniture","Furniture","N.A","269","MBFA Mediuam Black Mesh Chair","IITTNIF/PO/2023-24-13","02/02/2024","SKY Engineering& Interiors","FC805/MBFA Mediuam MBFA Black Mesh PU Seat Fixed Arms","55","21/03/2024","1","4720.00","4720.00","","","","","","","",""
"268","21/03/2024","Furniture","Furniture","N.A","268","MBFA Mediuam Black Mesh Chair","IITTNIF/PO/2023-24-13","02/02/2024","SKY Engineering& Interiors","FC805/MBFA Mediuam MBFA Black Mesh PU Seat Fixed Arms","55","21/03/2024","1","4720.00","4720.00","","","","","","","",""
"267","21/03/2024","Furniture","Furniture","N.A","267","MBFA Mediuam Black Mesh Chair","IITTNIF/PO/2023-24-13","02/02/2024","SKY Engineering& Interiors","FC805/MBFA Mediuam MBFA Black Mesh PU Seat Fixed Arms","55","21/03/2024","1","4720.00","4720.00","","","","","","","",""
"266","21/03/2024","Furniture","Furniture","N.A","266","MBFA Mediuam Black Mesh Chair","IITTNIF/PO/2023-24-13","02/02/2024","SKY Engineering& Interiors","FC805/MBFA Mediuam MBFA Black Mesh PU Seat Fixed Arms","55","21/03/2024","1","4720.00","4720.00","","","","","","","",""
"265","21/03/2024","Furniture","Furniture","N.A","265","MBFA Mediuam Black Mesh Chair","IITTNIF/PO/2023-24-13","02/02/2024","SKY Engineering& Interiors","FC805/MBFA Mediuam MBFA Black Mesh PU Seat Fixed Arms","55","21/03/2024","1","4720.00","4720.00","","","","","","","",""
"264","21/03/2024","Furniture","Furniture","N.A","264","MBFA Mediuam Black Mesh Chair","IITTNIF/PO/2023-24-13","02/02/2024","SKY Engineering& Interiors","FC805/MBFA Mediuam MBFA Black Mesh PU Seat Fixed Arms","55","21/03/2024","1","4720.00","4720.00","","","","","","","",""
"263","21/03/2024","Furniture","Furniture","N.A","263","MBFA Mediuam Black Mesh Chair","IITTNIF/PO/2023-24-13","02/02/2024","SKY Engineering& Interiors","FC805/MBFA Mediuam MBFA Black Mesh PU Seat Fixed Arms","55","21/03/2024","1","4720.00","4720.00","","","","","","","",""
"262","21/03/2024","Furniture","Furniture","N.A","262","MBFA Mediuam Black Mesh Chair","IITTNIF/PO/2023-24-13","02/02/2024","SKY Engineering& Interiors","FC805/MBFA Mediuam MBFA Black Mesh PU Seat Fixed Arms","55","21/03/2024","1","4720.00","4720.00","","","","","","","",""
"261","21/03/2024","Furniture","Furniture","N.A","261","MBFA Mediuam Black Mesh Chair","IITTNIF/PO/2023-24-13","02/02/2024","SKY Engineering& Interiors","FC805/MBFA Mediuam MBFA Black Mesh PU Seat Fixed Arms","55","21/03/2024","1","4720.00","4720.00","","","","","","","",""
"260","21/03/2024","Furniture","Furniture","N.A","260","MBFA Mediuam Black Mesh Chair","IITTNIF/PO/2023-24-13","02/02/2024","SKY Engineering& Interiors","FC805/MBFA Mediuam MBFA Black Mesh PU Seat Fixed Arms","55","21/03/2024","1","4720.00","4720.00","","","","","","","",""
"259","21/03/2024","Furniture","Furniture","N.A","259","MBFA Mediuam Black Mesh Chair","IITTNIF/PO/2023-24-13","02/02/2024","SKY Engineering& Interiors","FC805/MBFA Mediuam MBFA Black Mesh PU Seat Fixed Arms","55","21/03/2024","1","4720.00","4720.00","","","","","","","",""
"258","21/03/2024","Furniture","Furniture","N.A","258","MBFA Mediuam Black Mesh Chair","IITTNIF/PO/2023-24-13","02/02/2024","SKY Engineering& Interiors","FC805/MBFA Mediuam MBFA Black Mesh PU Seat Fixed Arms","55","21/03/2024","1","4720.00","4720.00","","","","","","","",""
"257","21/03/2024","Furniture","Furniture","N.A","257","MBFA Mediuam Black Mesh Chair","IITTNIF/PO/2023-24-13","02/02/2024","SKY Engineering& Interiors","FC805/MBFA Mediuam MBFA Black Mesh PU Seat Fixed Arms","55","21/03/2024","1","4720.00","4720.00","","","","","","","",""
"256","21/03/2024","Furniture","Furniture","N.A","256","MBFA Mediuam Black Mesh Chair","IITTNIF/PO/2023-24-13","02/02/2024","SKY Engineering& Interiors","FC805/MBFA Mediuam MBFA Black Mesh PU Seat Fixed Arms","55","21/03/2024","1","4720.00","4720.00","","","","","","","",""
"255","21/03/2024","Furniture","Furniture","N.A","255","MBFA Mediuam Black Mesh Chair","IITTNIF/PO/2023-24-13","02/02/2024","SKY Engineering& Interiors","FC805/MBFA Mediuam MBFA Black Mesh PU Seat Fixed Arms","55","21/03/2024","1","4720.00","4720.00","","","","","","","",""
"254","21/03/2024","Furniture","Furniture","N.A","254","MBFA Mediuam Black Mesh Chair","IITTNIF/PO/2023-24-13","02/02/2024","SKY Engineering& Interiors","FC805/MBFA Mediuam MBFA Black Mesh PU Seat Fixed Arms","55","21/03/2024","1","4720.00","4720.00","","","","","","","",""
"253","21/03/2024","Furniture","Furniture","N.A","253","MBFA Mediuam Black Mesh Chair","IITTNIF/PO/2023-24-13","02/02/2024","SKY Engineering& Interiors","FC805/MBFA Mediuam MBFA Black Mesh PU Seat Fixed Arms","55","21/03/2024","1","4720.00","4720.00","","","","","","","",""
"252","21/03/2024","Furniture","Furniture","N.A","252","MBFA Mediuam Black Mesh Chair","IITTNIF/PO/2023-24-13","02/02/2024","SKY Engineering& Interiors","FC805/MBFA Mediuam MBFA Black Mesh PU Seat Fixed Arms","55","21/03/2024","1","4720.00","4720.00","","","","","","","",""
"251","21/03/2024","Furniture","Furniture","N.A","251","MBFA Mediuam Black Mesh Chair","IITTNIF/PO/2023-24-13","02/02/2024","SKY Engineering& Interiors","FC805/MBFA Mediuam MBFA Black Mesh PU Seat Fixed Arms","55","21/03/2024","1","4720.00","4720.00","","","","","","","",""
"250","21/03/2024","Furniture","Furniture","N.A","250","MBFA Mediuam Black Mesh Chair","IITTNIF/PO/2023-24-13","02/02/2024","SKY Engineering& Interiors","FC805/MBFA Mediuam MBFA Black Mesh PU Seat Fixed Arms","55","21/03/2024","1","4720.00","4720.00","","","","","","","",""
"249","21/03/2024","Furniture","Furniture","N.A","249","MBFA Mediuam Black Mesh Chair","IITTNIF/PO/2023-24-13","02/02/2024","SKY Engineering& Interiors","FC805/MBFA Mediuam MBFA Black Mesh PU Seat Fixed Arms","55","21/03/2024","1","4720.00","4720.00","","","","","","","",""
"248","21/03/2024","Furniture","Furniture","N.A","248","MBFA Mediuam Black Mesh Chair","IITTNIF/PO/2023-24-13","02/02/2024","SKY Engineering& Interiors","FC805/MBFA Mediuam MBFA Black Mesh PU Seat Fixed Arms","55","21/03/2024","1","4720.00","4720.00","","","","","","","",""
"247","21/03/2024","Furniture","Furniture","N.A","247","MBFA Mediuam Black Mesh Chair","IITTNIF/PO/2023-24-13","02/02/2024","SKY Engineering& Interiors","FC805/MBFA Mediuam MBFA Black Mesh PU Seat Fixed Arms","55","21/03/2024","1","4720.00","4720.00","","","","","","","",""
"246","21/03/2024","Furniture","Furniture","N.A","246","MBFA Mediuam Black Mesh Chair","IITTNIF/PO/2023-24-13","02/02/2024","SKY Engineering& Interiors","FC805/MBFA Mediuam MBFA Black Mesh PU Seat Fixed Arms","55","21/03/2024","1","4720.00","4720.00","","","","","","","",""
"245","21/03/2024","Furniture","Furniture","N.A","245","MBFA Mediuam Black Mesh Chair","IITTNIF/PO/2023-24-13","02/02/2024","SKY Engineering& Interiors","FC805/MBFA Mediuam MBFA Black Mesh PU Seat Fixed Arms","55","21/03/2024","1","4720.00","4720.00","","","","","","","",""
"244","21/03/2024","Furniture","Furniture","N.A","244","MBFA Mediuam Black Mesh Chair","IITTNIF/PO/2023-24-13","02/02/2024","SKY Engineering& Interiors","FC805/MBFA Mediuam MBFA Black Mesh PU Seat Fixed Arms","55","21/03/2024","1","4720.00","4720.00","","","","","","","",""
"243","21/03/2024","Furniture","Furniture","N.A","243","MBFA Mediuam Black Mesh Chair","IITTNIF/PO/2023-24-13","02/02/2024","SKY Engineering& Interiors","FC805/MBFA Mediuam MBFA Black Mesh PU Seat Fixed Arms","55","21/03/2024","1","4720.00","4720.00","","","","","","","",""
"242","21/03/2024","Furniture","Furniture","N.A","242","MBFA Mediuam Black Mesh Chair","IITTNIF/PO/2023-24-13","02/02/2024","SKY Engineering& Interiors","FC805/MBFA Mediuam MBFA Black Mesh PU Seat Fixed Arms","55","21/03/2024","1","4720.00","4720.00","","","","","","","",""
"241","21/03/2024","Furniture","Furniture","N.A","241","MBFA Mediuam Black Mesh Chair","IITTNIF/PO/2023-24-13","02/02/2024","SKY Engineering& Interiors","FC805/MBFA Mediuam MBFA Black Mesh PU Seat Fixed Arms","55","21/03/2024","1","4720.00","4720.00","","","","","","","",""
"240","21/03/2024","Furniture","Furniture","N.A","240","MBFA Mediuam Black Mesh Chair","IITTNIF/PO/2023-24-13","02/02/2024","SKY Engineering& Interiors","FC805/MBFA Mediuam MBFA Black Mesh PU Seat Fixed Arms","55","21/03/2024","1","4720.00","4720.00","","","","","","","",""
"239","21/03/2024","Furniture","Furniture","N.A","239","MBFA Mediuam Black Mesh Chair","IITTNIF/PO/2023-24-13","02/02/2024","SKY Engineering& Interiors","FC805/MBFA Mediuam MBFA Black Mesh PU Seat Fixed Arms","55","21/03/2024","1","4720.00","4720.00","","","","","","","",""
"238","21/03/2024","Furniture","Furniture","N.A","238","MBFA Mediuam Black Mesh Chair","IITTNIF/PO/2023-24-13","02/02/2024","SKY Engineering& Interiors","FC805/MBFA Mediuam MBFA Black Mesh PU Seat Fixed Arms","55","21/03/2024","1","4720.00","4720.00","","","","","","","",""
"237","21/03/2024","Furniture","Furniture","N.A","237","MBFA Mediuam Black Mesh Chair","IITTNIF/PO/2023-24-13","02/02/2024","SKY Engineering& Interiors","FC805/MBFA Mediuam MBFA Black Mesh PU Seat Fixed Arms","55","21/03/2024","1","4720.00","4720.00","","","","","","","",""
"236","21/03/2024","Furniture","Furniture","N.A","236","MBFA Mediuam Black Mesh Chair","IITTNIF/PO/2023-24-13","02/02/2024","SKY Engineering& Interiors","FC805/MBFA Mediuam MBFA Black Mesh PU Seat Fixed Arms","55","21/03/2024","1","4720.00","4720.00","","","","","","","",""
"235","21/03/2024","Furniture","Furniture","N.A","235","MBFA Mediuam Black Mesh Chair","IITTNIF/PO/2023-24-13","02/02/2024","SKY Engineering& Interiors","FC805/MBFA Mediuam MBFA Black Mesh PU Seat Fixed Arms","55","21/03/2024","1","4720.00","4720.00","","","","","","","",""
"234","21/03/2024","Furniture","Furniture","N.A","234","MBFA Mediuam Black Mesh Chair","IITTNIF/PO/2023-24-13","02/02/2024","SKY Engineering& Interiors","FC805/MBFA Mediuam MBFA Black Mesh PU Seat Fixed Arms","55","21/03/2024","1","4720.00","4720.00","","","","","","","",""
"233","21/03/2024","Furniture","Furniture","N.A","233","MBFA Mediuam Black Mesh Chair","IITTNIF/PO/2023-24-13","02/02/2024","SKY Engineering& Interiors","FC805/MBFA Mediuam MBFA Black Mesh PU Seat Fixed Arms","55","21/03/2024","1","4720.00","4720.00","","","","","","","",""
"232","21/03/2024","Furniture","Furniture","N.A","232","MBFA Mediuam Black Mesh Chair","IITTNIF/PO/2023-24-13","02/02/2024","SKY Engineering& Interiors","FC805/MBFA Mediuam MBFA Black Mesh PU Seat Fixed Arms","55","21/03/2024","1","4720.00","4720.00","","","","","","","",""
"231","12/03/2024","Furniture","Furniture","N.A","231","Expressow Enterprises Luxury Marble look end table sof side Table Corner","N.A","","Ajana Furniture","Expressow Enterprises Luxury Marble Look end table sofa side table","IN3892","12/03/2024","1","2199.00","2199.00","","","","","","","",""
"230","15/02/2024","Furniture","Furniture","N.A","230","0124/Reception Table-m62/M41","Direct Purchase","","Damro","Reception Table M62/M41","TIRS12324-1204AP","15/02/2024","1","18400.00","18400.00","","","","","","","",""
"229","12/03/2024","Furniture","Furniture","N.A","229","3/Leonardo Office Table Wenge/H Pine","Direct Purchase","","Ajana Furniture","Leonardo Office Table Wenge/H Pine","BRP00960/2023-24","12/03/2024","1","11500.00","11500.00","","","","","","","",""
"228","12/03/2024","Furniture","Furniture","N.A","228","3/Leonardo Office Table Wenge/H Pine","Direct Purchase","","Ajana Furniture","Leonardo Office Table Wenge/H Pine","BRP00960/2023-24","12/03/2024","1","11500.00","11500.00","","","","","","","",""
"227","12/03/2024","Furniture","Furniture","N.A","227","3/Leonardo Office Table Wenge/H Pine","Direct Purchase","","Ajana Furniture","Leonardo Office Table Wenge/H Pine","BRP00960/2023-24","12/03/2024","1","11500.00","11500.00","","","","","","","",""
"226","12/03/2024","Furniture","Furniture","N.A","226","3/Leonardo Office Table Wenge/H Pine","Direct Purchase","","Ajana Furniture","Leonardo Office Table Wenge/H Pine","BRP00960/2023-24","12/03/2024","1","11500.00","11500.00","","","","","","","",""
"225","12/03/2024","Furniture","Furniture","N.A","225","3/Leonardo Office Table Wenge/H Pine","Direct Purchase","","Ajana Furniture","Leonardo Office Table Wenge/H Pine","BRP00960/2023-24","12/03/2024","1","11500.00","11500.00","","","","","","","",""
"224","12/03/2024","Furniture","Furniture","N.A","224","3/Leonardo Office Table Wenge/H Pine","Direct Purchase","","Ajana Furniture","Leonardo Office Table Wenge/H Pine","BRP00960/2023-24","12/03/2024","1","11500.00","11500.00","","","","","","","",""
"223","12/03/2024","Furniture","Furniture","N.A","223","3/Leonardo Office Table Wenge/H Pine","Direct Purchase","","Ajana Furniture","Leonardo Office Table Wenge/H Pine","BRP00960/2023-24","12/03/2024","1","11500.00","11500.00","","","","","","","",""
"222","12/03/2024","Furniture","Furniture","N.A","222","3/Leonardo Office Table Wenge/H Pine","Direct Purchase","","Ajana Furniture","Leonardo Office Table Wenge/H Pine","BRP00960/2023-24","12/03/2024","1","11500.00","11500.00","","","","","","","",""
"221","12/03/2024","Furniture","Furniture","N.A","221","0143/Leonardo Office Table Wenge/H Pine","Direct Purchase","","Ajana Furniture","Leonardo Office Table Wenge/H Pine","BRP00960/2023-24","12/03/2024","1","11500.00","11500.00","Admin","Renuka","","","","","",""
"220","12/03/2024","Furniture","Furniture","N.A","220","0142/Leonardo Office Table Wenge/H Pine","Direct Purchase","","Ajana Furniture","Leonardo Office Table Wenge/H Pine","BRP00960/2023-24","12/03/2024","1","11500.00","11500.00","Admin","Renuka","","","","","",""
"219","27/02/2024","Electronics","Electronics","TX203322402","219","0244/Tyrone Camarero DIT400TR-55L Workstation","Tender","","Netweb Technologies","Tyrone Camarero DIT400TR-55l  Work Station","FB/GS1568/23-24","","1","254246.00","254246.00","Computer Lab","Prabhu","","","","","",""
"218","27/02/2024","Electronics","Electronics","TX203312402","218","0243/Tyrone Camarero DIT400TR-55L Workstation","Tender","","Netweb Technologies","Tyrone Camarero DIT400TR-55l  Work Station","FB/GS1568/23-24","","1","254246.00","254246.00","Computer Lab","Prabhu","","","","","",""
"217","27/02/2024","Electronics","Electronics","TX203302402","217","0242/Tyrone Camarero DIT400TR-55L Workstation","Tender","","Netweb Technologies","Tyrone Camarero DIT400TR-55l  Work Station","FB/GS1568/23-24","","1","254246.00","254246.00","Computer Lab","Prabhu","","","","","",""
"216","27/02/2024","Electronics","Electronics","TX203292402","216","0241/Tyrone Camarero DIT400TR-55L Workstation","Tender","","Netweb Technologies","Tyrone Camarero DIT400TR-55l  Work Station","FB/GS1568/23-24","","1","254246.00","254246.00","Computer Lab","Prabhu","","","","","",""
"215","27/02/2024","Electronics","Electronics","TX203282402","215","0240/Tyrone Camarero DIT400TR-55L Workstation","Tender","","Netweb Technologies","Tyrone Camarero DIT400TR-55l  Work Station","FB/GS1568/23-24","","1","254246.00","254246.00","Computer Lab","Prabhu","","","","","",""
"214","27/02/2024","Electronics","Electronics","TX203272402","214","0239/Tyrone Camarero DIT400TR-55L Workstation","Tender","","Netweb Technologies","Tyrone Camarero DIT400TR-55l  Work Station","FB/GS1568/23-24","","1","254246.00","254246.00","Computer Lab","Prabhu","","","","","",""
"213","27/02/2024","Electronics","Electronics","TX203262402","213","0238/Tyrone Camarero DIT400TR-55L Workstation","Tender","","Netweb Technologies","Tyrone Camarero DIT400TR-55l  Work Station","FB/GS1568/23-24","","1","254246.00","254246.00","Computer Lab","Prabhu","","","","","",""
"212","27/02/2024","Electronics","Electronics","TX203252402","212","0237/Tyrone Camarero DIT400TR-55L Workstation","Tender","","Netweb Technologies","Tyrone Camarero DIT400TR-55l  Work Station","FB/GS1568/23-24","","1","254246.00","254246.00","Computer Lab","Prabhu","","","","","",""
"211","27/02/2024","Electronics","Electronics","TX203242402","211","0236/Tyrone Camarero DIT400TR-55L Workstation","Tender","","Netweb Technologies","Tyrone Camarero DIT400TR-55l  Work Station","FB/GS1568/23-24","","1","254246.00","254246.00","Computer Lab","Prabhu","","","","","",""
"210","27/02/2024","Electronics","Electronics","TX203232402","210","0235/Tyrone Camarero DIT400TR-55L Workstation","Tender","","Netweb Technologies","Tyrone Camarero DIT400TR-55l  Work Station","FB/GS1568/23-24","","1","254246.00","254246.00","Computer Lab","Prabhu","","","","","",""
"209","27/02/2024","Electronics","Electronics","TX203222402","209","0234/Tyrone Camarero DIT400TR-55L Workstation","Tender","","Netweb Technologies","Tyrone Camarero DIT400TR-55l  Work Station","FB/GS1568/23-24","","1","254246.00","254246.00","Computer Lab","Prabhu","","","","","",""
"208","27/02/2024","Electronics","Electronics","TX203212402","208","0233/Tyrone Camarero DIT400TR-55L Workstation","Tender","","Netweb Technologies","Tyrone Camarero DIT400TR-55l  Work Station","FB/GS1568/23-24","","1","254246.00","254246.00","Computer Lab","Prabhu","","","","","",""
"207","27/02/2024","Electronics","Electronics","TX203202402","207","0232/Tyrone Camarero DIT400TR-55L Workstation","Tender","","Netweb Technologies","Tyrone Camarero DIT400TR-55l  Work Station","FB/GS1568/23-24","","1","254246.00","254246.00","Computer Lab","Prabhu","","","","","",""
"206","27/02/2024","Electronics","Electronics","TX203192402","206","0231/Tyrone Camarero DIT400TR-55L Workstation","Tender","","Netweb Technologies","Tyrone Camarero DIT400TR-55l  Work Station","FB/GS1568/23-24","","1","254246.00","254246.00","Computer Lab","Prabhu","","","","","",""
"205","27/02/2024","Electronics","Electronics","TX203182402","205","0230/Tyrone Camarero DIT400TR-55L Workstation","Tender","","Netweb Technologies","Tyrone Camarero DIT400TR-55l  Work Station","FB/GS1568/23-24","","1","254246.00","254246.00","Computer Lab","Prabhu","","","","","",""
"204","27/02/2024","Electronics","Electronics","TX2031732402","204","0229/Tyrone Camarero DIT400TR-55L Workstation","Tender","","Netweb Technologies","Tyrone Camarero DIT400TR-55l  Work Station","FB/GS1568/23-24","","1","254246.00","254246.00","Computer Lab","Prabhu","","","","","",""
"203","27/02/2024","Electronics","Electronics","TX203162402","203","0228/Tyrone Camarero DIT400TR-55L Workstation","Tender","","Netweb Technologies","Tyrone Camarero DIT400TR-55l  Work Station","FB/GS1568/23-24","","1","254246.00","254246.00","Computer Lab","Prabhu","","","","","",""
"202","27/02/2024","Electronics","Electronics","TX203152402","202","0227/Tyrone Camarero DIT400TR-55L Workstation","Tender","","Netweb Technologies","Tyrone Camarero DIT400TR-55l  Work Station","FB/GS1568/23-24","","1","254246.00","254246.00","Computer Lab","Prabhu","","","","","",""
"201","27/02/2024","Electronics","Electronics","TX203142402","201","0226/Tyrone Camarero DIT400TR-55L Workstation","Tender","","Netweb Technologies","Tyrone Camarero DIT400TR-55l  Work Station","FB/GS1568/23-24","","1","254246.00","254246.00","Computer Lab","Prabhu","","","","","",""
"200","27/02/2024","Electronics","Electronics","TX203132402","200","0225/Tyrone Camarero DIT400TR-55L Workstation","Tender","","Netweb Technologies","Tyrone Camarero DIT400TR-55l  Work Station","FB/GS1568/23-24","","1","254246.00","254246.00","Computer Lab","Prabhu","","","","","",""
"199","27/02/2024","Electronics","Electronics","TX203122402","199","0224/Tyrone Camarero DIT400TR-55L Workstation","Tender","","Netweb Technologies","Tyrone Camarero DIT400TR-55l  Work Station","FB/GS1568/23-24","","1","254246.00","254246.00","Computer Lab","Prabhu","","","","","",""
"198","27/02/2024","Electronics","Electronics","TX203112402","198","0223/Tyrone Camarero DIT400TR-55L Workstation","Tender","","Netweb Technologies","Tyrone Camarero DIT400TR-55l  Work Station","FB/GS1568/23-24","","1","254246.00","254246.00","Computer Lab","Prabhu","","","","","",""
"197","27/02/2024","Electronics","Electronics","TX203102402","197","0222/Tyrone Camarero DIT400TR-55L Workstation","Tender","","Netweb Technologies","Tyrone Camarero DIT400TR-55l  Work Station","FB/GS1568/23-24","","1","254246.00","254246.00","Computer Lab","Prabhu","","","","","",""
"196","27/02/2024","Electronics","Electronics","TX203092402","196","0221/Tyrone Camarero DIT400TR-55L Workstation","Tender","","Netweb Technologies","Tyrone Camarero DIT400TR-55l  Work Station","FB/GS1568/23-24","","1","254246.00","254246.00","Computer Lab","Prabhu","","","","","",""
"195","27/02/2024","Electronics","Electronics","TX203082402","195","0220/Tyrone Camarero DIT400TR-55L Workstation","Tender","","Netweb Technologies","Tyrone Camarero DIT400TR-55l  Work Station","FB/GS1568/23-24","","1","254246.00","254246.00","Computer Lab","Prabhu","","","","","",""
"194","27/02/2024","Electronics","Electronics","TX203072402","194","0219/Tyrone Camarero DIT400TR-55L Workstation","Tender","","Netweb Technologies","Tyrone Camarero DIT400TR-55l  Work Station","FB/GS1568/23-24","","1","254246.00","254246.00","Computer Lab","Prabhu","","","","","",""
"193","27/02/2024","Electronics","Electronics","TX203062402","193","0218/Tyrone Camarero DIT400TR-55L Workstation","Tender","","Netweb Technologies","Tyrone Camarero DIT400TR-55l  Work Station","FB/GS1568/23-24","","1","254246.00","254246.00","Computer Lab","Prabhu","","","","","",""
"192","27/02/2024","Electronics","Electronics","TX203052402","192","0217/Tyrone Camarero DIT400TR-55L Workstation","Tender","","Netweb Technologies","Tyrone Camarero DIT400TR-55l  Work Station","FB/GS1568/23-24","","1","254246.00","254246.00","Computer Lab","Prabhu","","","","","",""
"191","27/02/2024","Electronics","Electronics","TX203042402","191","0216/Tyrone Camarero DIT400TR-55L Workstation","Tender","","Netweb Technologies","Tyrone Camarero DIT400TR-55l  Work Station","FB/GS1568/23-24","","1","254246.00","254246.00","Computer Lab","Prabhu","","","","","",""
"190","27/02/2024","Electronics","Electronics","TX203032402","190","0215/Tyrone Camarero DIT400TR-55L Workstation","Tender","","Netweb Technologies","Tyrone Camarero DIT400TR-55l  Work Station","FB/GS1568/23-24","","1","254246.00","254246.00","Computer Lab","Prabhu","","","","","",""
"189","27/02/2024","Electronics","Electronics","TX203022402","189","0214/Tyrone Camarero DIT400TR-55L Workstation","Tender","","Netweb Technologies","Tyrone Camarero DIT400TR-55l  Work Station","FB/GS1568/23-24","","1","254246.00","254246.00","Computer Lab","Prabhu","","","","","",""
"188","27/02/2024","Electronics","Electronics","TX203012402","188","0213/Tyrone Camarero DIT400TR-55L Workstation","Tender","","Netweb Technologies","Tyrone Camarero DIT400TR-55l  Work Station","FB/GS1568/23-24","","1","254246.00","254246.00","Computer Lab","Prabhu","","","","","",""
"187","27/02/2024","Electronics","Electronics","TX203002402","187","0212/Tyrone Camarero DIT400TR-55L Workstation","Tender","","Netweb Technologies","Tyrone Camarero DIT400TR-55l  Work Station","FB/GS1568/23-24","","1","254246.00","254246.00","Computer Lab","Prabhu","","","","","",""
"186","27/02/2024","Electronics","Electronics","TX202992402","186","0211/Tyrone Camarero DIT400TR-55L Workstation","Tender","","Netweb Technologies","Tyrone Camarero DIT400TR-55l  Work Station","FB/GS1568/23-24","","1","254246.00","254246.00","Computer Lab","Prabhu","","","","","",""
"185","27/02/2024","Electronics","Electronics","TX202982402","185","0210/Tyrone Camarero DIT400TR-55L Workstation","Tender","","Netweb Technologies","Tyrone Camarero DIT400TR-55l  Work Station","FB/GS1568/23-24","","1","254246.00","254246.00","Computer Lab","Prabhu","","","","","",""
"184","27/02/2024","Electronics","Electronics","TX202972402","184","0209/Tyrone Camarero DIT400TR-55L Workstation","Tender","","Netweb Technologies","Tyrone Camarero DIT400TR-55l  Work Station","FB/GS1568/23-24","","1","254246.00","254246.00","Computer Lab","Prabhu","","","","","",""
"183","27/02/2024","Electronics","Electronics","TX202962402","183","0208/Tyrone Camarero DIT400TR-55L Workstation","Tender","","Netweb Technologies","Tyrone Camarero DIT400TR-55l  Work Station","FB/GS1568/23-24","","1","254246.00","254246.00","Computer Lab","Prabhu","","","","","",""
"182","27/02/2024","Electronics","Electronics","TX2029522402","182","0207/Tyrone Camarero DIT400TR-55L Workstation","Tender","","Netweb Technologies","Tyrone Camarero DIT400TR-55l  Work Station","FB/GS1568/23-24","","1","254246.00","254246.00","Computer Lab","Prabhu","","","","","",""
"181","27/02/2024","Electronics","Electronics","TX202942402","181","0206/Tyrone Camarero DIT400TR-55L Workstation","Tender","","Netweb Technologies","Tyrone Camarero DIT400TR-55l  Work Station","FB/GS1568/23-24","","1","254246.00","254246.00","Computer Lab","Prabhu","","","","","",""
"180","27/02/2024","Electronics","Electronics","TX202932402","180","0205/Tyrone Camarero DIT400TR-55L Workstation","Tender","","Netweb Technologies","Tyrone Camarero DIT400TR-55l  Work Station","FB/GS1568/23-24","","1","254246.00","254246.00","Computer Lab","Prabhu","","","","","",""
"179","27/02/2024","Electronics","Electronics","TX202922402","179","0204/Tyrone camarero DIT400TR-55L Work station","Tender","","Netweb Technologies","Tyrone Camarero DIT400TR-55l  Work Station","FB/GS1568/23-24","","1","330250.00","330250.00","Computer Lab","Prabhu","","","","","",""
"178","27/02/2024","Electronics","Electronics","TX202912402","178","0203/Tyrone camarero DIT400TR-55L Work station","Tender","","Netweb Technologies","Tyrone Camarero DIT400TR-55l  Work Station","FB/GS1568/23-24","","1","330250.00","330250.00","Computer Lab","Prabhu","","","","","",""
"177","27/02/2024","Electronics","Electronics","TX202902402","177","0202/Tyrone camarero DIT400TR-55L Work station","Tender","","Netweb Technologies","Tyrone Camarero DIT400TR-55l  Work Station","FB/GS1568/23-24","","1","330250.00","330250.00","Computer Lab","Prabhu","","","","","",""
"176","27/02/2024","Electronics","Electronics","TX202892402","176","0201/Tyrone camarero DIT400TR-55L Work station","Tender","","Netweb Technologies","Tyrone Camarero DIT400TR-55l  Work Station","FB/GS1568/23-24","","1","330250.00","330250.00","Computer Lab","Prabhu","","","","","",""
"175","27/02/2024","Electronics","Electronics","TX202882402","175","0200/Tyrone camarero DIT400TR-55L Work station","Tender","","Netweb Technologies","Tyrone Camarero DIT400TR-55l  Work Station","FB/GS1568/23-24","","1","330250.00","330250.00","Computer Lab","Prabhu","","","","","",""
"174","27/02/2024","Electronics","Electronics","TX202872402","174","0199/Tyrone camarero DIT400TR-55L Work station","Tender","","Netweb Technologies","Tyrone Camarero DIT400TR-55l  Work Station","FB/GS1568/23-24","","1","330250.00","330250.00","Computer Lab","Prabhu","","","","","",""
"173","27/02/2024","Electronics","Electronics","TX202862402","173","0198/Tyrone camarero DIT400TR-55L Work station","Tender","","Netweb Technologies","Tyrone Camarero DIT400TR-55l  Work Station","FB/GS1568/23-24","","1","330250.00","330250.00","Computer Lab","Prabhu","","","","","",""
"172","27/02/2024","Electronics","Electronics","TX202852402","172","0197/Tyrone camarero DIT400TR-55L Work station","Tender","","Netweb Technologies","Tyrone Camarero DIT400TR-55l  Work Station","FB/GS1568/23-24","","1","330250.00","330250.00","Computer Lab","Prabhu","","","","","",""
"171","27/02/2024","Electronics","Electronics","TX202842402","171","0196/Tyrone camarero DIT400TR-55L Work station","Tender","","Netweb Technologies","Tyrone Camarero DIT400TR-55l  Work Station","FB/GS1568/23-24","","1","330250.00","330250.00","Computer Lab","Prabhu","","","","","",""
"170","27/02/2024","Electronics","Electronics","TX202832402","170","0195/Tyrone Camarero/DIT400TR-55L Work Station","Tender","","Netweb Technologies","Tyrone Camarero DIT400TR-55l  Work Station","FB/GS1568/23-24","","1","330250.00","330250.00","Computer Lab","Prabhu","","","","","",""
"169","26/02/2024","Electronics","Electronics","N.A","169","0194/Threed Printer (Creality Ender) 3V3","Online Purchase","","Amazon India Private limited","Threed Printer","INV-00187","","1","279872.88","24000.00","GIS Lab","Venkata Subbareddy","","","","","",""
"168","16/03/2024","Furniture","Furniture","N.A","168","0190/Modular Work Station","IITTNIF/PO/2023-24/11","","Sharon Office and Institutional Furniture PVT Ltd","Modular Work Station","SFPL/MARCH/024","15/02/2024","1","12390.00","12390.00","IT","Prabhu","","","","","",""
"167","16/03/2024","Furniture","Furniture","N.A","167","0189/Modular Work Station","IITTNIF/PO/2023-24/11","","Sharon Office and Institutional Furniture PVT Ltd","Modular Work Station","SFPL/MARCH/024","15/02/2024","1","12390.00","12390.00","IT","Prabhu","","","","","",""
"166","16/03/2024","Furniture","Furniture","N.A","166","0188/Modular Work Station","IITTNIF/PO/2023-24/11","","Sharon Office and Institutional Furniture PVT Ltd","Modular Work Station","SFPL/MARCH/024","15/02/2024","1","12390.00","12390.00","IT","Prabhu","","","","","",""
"165","16/03/2024","Furniture","Furniture","N.A","165","0187/Modular Work Station","IITTNIF/PO/2023-24/11","14/02/2024","Sharon Office and Institutional Furniture PVT Ltd","Modular Work Station","SFPL/MARCH/024","15/02/2024","1","12390.00","12390.00","IT","Prabhu","","","","","",""
"164","16/03/2024","Furniture","Furniture","N.A","164","0186/Modular Work Station","IITTNIF/PO/2023-24/11","14/02/2024","Sharon Office and Institutional Furniture PVT Ltd","Modular Work Station","SFPL/MARCH/024","15/02/2024","1","12390.00","12390.00","IT","Prabhu","","","","","",""
"163","16/03/2024","Furniture","Furniture","N.A","163","0185/Modular Work Station","IITTNIF/PO/2023-24/11","14/02/2024","Sharon Office and Institutional Furniture PVT Ltd","Modular Work Station","SFPL/MARCH/024","15/02/2024","1","12390.00","12390.00","IT","Prabhu","","","","","",""
"162","16/03/2024","Furniture","Furniture","N.A","162","0184/Modular Work Station","IITTNIF/PO/2023-24/11","14/02/2024","Sharon Office and Institutional Furniture PVT Ltd","Modular Work Station","SFPL/MARCH/024","15/02/2024","1","12390.00","12390.00","IT","Prabhu","","","","","",""
"161","16/03/2024","Furniture","Furniture","N.A","161","0184/Modular Work Station","IITTNIF/PO/2023-24/11","14/02/2024","Sharon Office and Institutional Furniture PVT Ltd","Modular Work Station","SFPL/MARCH/024","15/02/2024","1","12390.00","12390.00","IT","Prabhu","","","","","",""
"160","16/03/2024","Furniture","Furniture","N.A","160","0183/Modular Work Station","IITTNIF/PO/2023-24/11","14/02/2024","Sharon Office and Institutional Furniture PVT Ltd","Modular Work Station","SFPL/MARCH/024","15/02/2024","1","12390.00","12390.00","IT","Prabhu","","","","","",""
"159","16/03/2024","Furniture","Furniture","N.A","159","0182/Modular Work Station","IITTNIF/PO/2023-24/11","14/02/2024","Sharon Office and Institutional Furniture PVT Ltd","Modular Work Station","SFPL/MARCH/024","15/02/2024","1","12390.00","12390.00","IT","Prabhu","","","","","",""
"158","16/03/2024","Furniture","Furniture","N.A","158","0181/Modular Work Station","IITTNIF/PO/2023-24/11","14/02/2024","Sharon Office and Institutional Furniture PVT Ltd","Modular Work Station","SFPL/MARCH/024","15/02/2024","1","12390.00","12390.00","IT","Prabhu","","","","","",""
"157","16/03/2024","Furniture","Furniture","N.A","157","0180/Modular Work Station","IITTNIF/PO/2023-24/11","14/02/2024","Sharon Office and Institutional Furniture PVT Ltd","Modular Work Station","SFPL/MARCH/024","15/02/2024","1","12390.00","12390.00","IT","Prabhu","","","","","",""
"156","16/03/2024","Furniture","Furniture","N.A","156","0179/Modular Work Station","IITTNIF/PO/2023-24/11","14/02/2024","Sharon Office and Institutional Furniture PVT Ltd","Modular Work Station","SFPL/MARCH/024","15/02/2024","1","12390.00","12390.00","IT","Prabhu","","","","","",""
"155","16/03/2024","Furniture","Furniture","N.A","155","0178/Modular Work Station","IITTNIF/PO/2023-24/11","14/02/2024","Sharon Office and Institutional Furniture PVT Ltd","Modular Work Station","SFPL/MARCH/024","15/02/2024","1","12390.00","12390.00","IT","Prabhu","","","","","",""
"154","16/03/2024","Furniture","Furniture","N.A","154","0177/Modular Work Station","IITTNIF/PO/2023-24/11","14/02/2024","Sharon Office and Institutional Furniture PVT Ltd","Modular Work Station","SFPL/MARCH/024","15/02/2024","1","12390.00","12390.00","IT","Prabhu","","","","","",""
"153","16/03/2024","Furniture","Furniture","N.A","153","0176/Modular Work Station","IITTNIF/PO/2023-24/11","14/02/2024","Sharon Office and Institutional Furniture PVT Ltd","Modular Work Station","SFPL/MARCH/024","15/02/2024","1","12390.00","12390.00","IT","Prabhu","","","","","",""
"152","16/03/2024","Furniture","Furniture","N.A","152","0175/Modular Work Station","IITTNIF/PO/2023-24/11","14/02/2024","Sharon Office and Institutional Furniture PVT Ltd","Modular Work Station","SFPL/MARCH/024","15/02/2024","1","12390.00","12390.00","IT","Prabhu","","","","","",""
"151","16/03/2024","Furniture","Furniture","N.A","151","0174/Modular Work Station","IITTNIF/PO/2023-24/11","14/02/2024","Sharon Office and Institutional Furniture PVT Ltd","Modular Work Station","SFPL/MARCH/024","15/02/2024","1","12390.00","12390.00","IT","Prabhu","","","","","",""
"150","16/03/2024","Furniture","Furniture","N.A","150","0173/Modular Work Station","IITTNIF/PO/2023-24/11","14/02/2024","Sharon Office and Institutional Furniture PVT Ltd","Modular Work Station","SFPL/MARCH/024","15/02/2024","1","12390.00","12390.00","IT","Prabhu","","","","","",""
"149","16/03/2024","Furniture","Furniture","N.A","149","0172/Modular Work Station","IITTNIF/PO/2023-24/11","14/02/2024","Sharon Office and Institutional Furniture PVT Ltd","Modular Work Station","SFPL/MARCH/024","15/02/2024","1","12390.00","12390.00","IT","Prabhu","","","","","",""
"148","16/03/2024","Furniture","Furniture","N.A","148","0171/Modular Work Station","IITTNIF/PO/2023-24/11","14/02/2024","Sharon Office and Institutional Furniture PVT Ltd","Modular Work Station","SFPL/MARCH/024","15/02/2024","1","12390.00","12390.00","IT","Prabhu","","","","","",""
"147","16/03/2024","Furniture","Furniture","N.A","147","0170/Modular Work Station","IITTNIF/PO/2023-24/11","14/02/2024","Sharon Office and Institutional Furniture PVT Ltd","Modular Work Station","SFPL/MARCH/024","15/02/2024","1","12390.00","12390.00","IT","Prabhu","","","","","",""
"146","16/03/2024","Furniture","Furniture","N.A","146","0169/Modular Work Station","IITTNIF/PO/2023-24/11","14/02/2024","Sharon Office and Institutional Furniture PVT Ltd","Modular Work Station","SFPL/MARCH/024","15/02/2024","1","12390.00","12390.00","IT","Prabhu","","","","","",""
"145","16/03/2024","Furniture","Furniture","N.A","145","0168/Modular Work Station","IITTNIF/PO/2023-24/11","14/02/2024","Sharon Office and Institutional Furniture PVT Ltd","Modular Work Station","SFPL/MARCH/024","15/02/2024","1","12390.00","12390.00","IT","Prabhu","","","","","",""
"144","16/03/2024","Furniture","Furniture","N.A","144","0167/Modular Work Station","IITTNIF/PO/2023-24/11","14/02/2024","Sharon Office and Institutional Furniture PVT Ltd","Modular Work Station","SFPL/MARCH/024","15/02/2024","1","12390.00","12390.00","IT","Prabhu","","","","","",""
"143","16/03/2024","Furniture","Furniture","N.A","143","0166/Modular Work Station","IITTNIF/PO/2023-24/11","14/02/2024","Sharon Office and Institutional Furniture PVT Ltd","Modular Work Station","SFPL/MARCH/024","15/02/2024","1","12390.00","12390.00","IT","Prabhu","","","","","",""
"142","16/03/2024","Furniture","Furniture","N.A","142","0165/Modular Work Station","IITTNIF/PO/2023-24/11","14/02/2024","Sharon Office and Institutional Furniture PVT Ltd","Modular Work Station","SFPL/MARCH/024","15/02/2024","1","12390.00","12390.00","IT","Prabhu","","","","","",""
"141","16/03/2024","Furniture","Furniture","N.A","141","0164/Modular Work Station","IITTNIF/PO/2023-24/11","14/02/2024","Sharon Office and Institutional Furniture PVT Ltd","Modular Work Station","SFPL/MARCH/024","15/02/2024","1","12390.00","12390.00","IT","Prabhu","","","","","",""
"140","16/03/2024","Furniture","Furniture","N.A","140","0163/Modular Work Station","IITTNIF/PO/2023-24/11","14/02/2024","Sharon Office and Institutional Furniture PVT Ltd","Modular Work Station","SFPL/MARCH/024","15/02/2024","1","12390.00","12390.00","IT","Prabhu","","","","","",""
"139","16/03/2024","Furniture","Furniture","N.A","139","0162/Modular Work Station","IITTNIF/PO/2023-24/11","14/02/2024","Sharon Office and Institutional Furniture PVT Ltd","Modular Work Station","SFPL/MARCH/024","15/02/2024","1","12390.00","12390.00","IT","Prabhu","","","","","",""
"138","16/03/2024","Furniture","Furniture","N.A","138","0161/Modular Work Station","IITTNIF/PO/2023-24/11","14/02/2024","Sharon Office and Institutional Furniture PVT Ltd","Modular Work Station","SFPL/MARCH/024","15/02/2024","1","12390.00","12390.00","IT","Prabhu","","","","","",""
"137","16/03/2024","Furniture","Furniture","N.A","137","0160/Modular Work Station","IITTNIF/PO/2023-24/11","14/02/2024","Sharon Office and Institutional Furniture PVT Ltd","Modular Work Station","SFPL/MARCH/024","15/02/2024","1","12390.00","12390.00","IT","Prabhu","","","","","",""
"136","16/03/2024","Furniture","Furniture","N.A","136","0159/Modular Work Station","IITTNIF/PO/2023-24/11","14/02/2024","Sharon Office and Institutional Furniture PVT Ltd","Modular Work Station","SFPL/MARCH/024","15/02/2024","1","12390.00","12390.00","IT","Prabhu","","","","","",""
"135","16/03/2024","Furniture","Furniture","N.A","135","0158/Modular Work Station","IITTNIF/PO/2023-24/11","14/02/2024","Sharon Office and Institutional Furniture PVT Ltd","Modular Work Station","SFPL/MARCH/024","15/02/2024","1","12390.00","12390.00","IT","Prabhu","","","","","",""
"134","16/03/2024","Furniture","Furniture","N.A","134","0157/Modular Work Station","IITTNIF/PO/2023-24/11","14/02/2024","Sharon Office and Institutional Furniture PVT Ltd","Modular Work Station","SFPL/MARCH/024","15/02/2024","1","12390.00","12390.00","IT","Prabhu","","","","","",""
"133","16/03/2024","Furniture","Furniture","N.A","133","0156/Modular Work Station","IITTNIF/PO/2023-24/11","14/02/2024","Sharon Office and Institutional Furniture PVT Ltd","Modular Work Station","SFPL/MARCH/024","15/02/2024","1","12390.00","12390.00","IT","Prabhu","","","","","",""
"132","16/03/2024","Furniture","Furniture","N.A","132","0155/Modular Work Station","IITTNIF/PO/2023-24/11","14/02/2024","Sharon Office and Institutional Furniture PVT Ltd","Modular Work Station","SFPL/MARCH/024","15/02/2024","1","12390.00","12390.00","IT","Prabhu","","","","","",""
"131","16/03/2024","Furniture","Furniture","N.A","131","0154/Modular Work Station","IITTNIF/PO/2023-24/11","14/02/2024","Sharon Office and Institutional Furniture PVT Ltd","Modular Work Station","SFPL/MARCH/024","15/02/2024","1","12390.00","12390.00","IT","Prabhu","","","","","",""
"130","16/03/2024","Furniture","Furniture","N.A","130","0153/Modular Work Station","IITTNIF/PO/2023-24/11","14/02/2024","Sharon Office and Institutional Furniture PVT Ltd","Modular Work Station","SFPL/MARCH/024","15/02/2024","1","12390.00","12390.00","IT","Prabhu","","","","","",""
"129","16/03/2024","Furniture","Furniture","N.A","129","0152/Modular Work Station","IITTNIF/PO/2023-24/11","14/02/2024","Sharon Office and Institutional Furniture PVT Ltd","Modular Work Station","SFPL/MARCH/024","15/02/2024","1","12390.00","12390.00","IT","Prabhu","","","","","",""
"128","18/03/2024","Electronics","Electronics","N.A","128","0151/Digital Standy 6.5*2.0","IITTNIF/PO/2023-24/12","21/02/2024","Digitos Technologies Private Ltd","Digital Standee","INV-000340","18/03/2024","1","102070.00","102070.00","Prabhu","Prabhu","","","","","",""
"127","18/03/2024","Electronics","Electronics","N.A","127","0149/Digital Standy 6.5*2.0","IITTNIF/PO/2023-24/12","21/02/2024","Digitos Technologies Private Ltd","Digital Standee","INV-000340","18/03/2024","1","102070.00","102070.00","Prabhu","Prabhu","","","","","",""
"126","","","","","126","","","","","","","","","","","","","","","","","",""
"125","12/03/2024","Electronics","Electronics","N.A","125","Voltas Spring-R Water Dispenser  with Three Temperature Tap and Small Refrigerator","Amazon Purchase","","Amazon India Private limited","Voltas Spring-R Water Dispener","MAA4-1098162","12/03/2024","1","9536.00","9536.00","","Prabhu","","","","","",""
"124","12/03/2024","Electronics","Electronics","N.A","124","Voltas Spring-R Water Dispenser  with Three Temperature Tap and Small Refrigerator","Amazon Purchase","","Amazon India Private limited","Voltas Spring-R Water Dispener","MAA4-1098160","12/03/2024","1","9536.00","9536.00","Prabhu","Prabhu","","","","","",""
"123","07/03/2024","Furniture","Furniture","N.A","123","Woodenwawe Multi-Purpose Side Table Color-White","Amazon Purchase","","Amazon India Private limited","Woodenwawe Multi Purpose Side Table","DEX8-1720","07/03/2024","1","2599.00","2599.00","Rama Krishna","Rama Krishna","","","","","",""
"122","07/03/2024","Furniture","Furniture","N.A","122","Woodenwawe Multi-Purpose Side Table Color-White","Amazon Purchase","","Amazon India Private limited","Woodenwawe Multi Purpose Side Table","DEX8-1720","07/03/2024","1","2599.00","2599.00","Rama Krishna","Rama Krishna","","","","","",""
"121","07/03/2024","Furniture","Furniture","N.A","121","Woodenwawe Multi-Purpose Side Table Color-White","Amazon Purchase","","Amazon India Private limited","Woodenwawe Multi Purpose Side Table","DEX8-1720","07/03/2024","1","2599.00","2599.00","Rama Krishna","Rama Krishna","","","","","",""
"120","07/03/2024","Furniture","Furniture","N.A","120","Woodenwawe Multi-Purpose Side Table Color-White","Amazon Purchase","","Amazon India Private limited","Woodenwawe Multi Purpose Side Table","DEX8-1720","07/03/2024","1","2599.00","2599.00","Rama Krishna","Rama Krishna","","","","","",""
"119","05/03/2024","Electorinics","Electronics","N.A","119","METSYMetal Laser Cut(World Map with analogue clock) Wall Hanging Golden world map","Amazon Purchase","","Amazon India Private limited","METSYMetal Laser Cut (World Map with analogue clock) Wall Hanging","IN-439","05/03/2024","1","9445.00","3445.00","Prabhu","Prabhu","","","","","",""
"118","05/03/2024","Electorinics","Electronics","N.A","118","TP Link Archer Dual Band Wi-Fi Router","Direct Purchase","","Amazon India Private limited","TP-Link Archer AX23 AX1800 Dual-Band Wi-Fi 6 Router","BLR7-4327631","05/03/2024","1","4299.00","4299.00","Roshan","Roshan","","","","","",""
"117","20/02/2024","Electorinics","Electronics","N.A","117","32Zebranics Led Curve Monitor","Direct Purchase","","Amazon India Private limited","32 Inch Zebranics Led Curve Monitor","MAA4-9642644","20/02/2024","1","12541.00","12541.00","Prabhu","Prabhu","","","","","",""
"116","30/01/2024","Electorinics","Electronics","N.A","116","0116 Blower With Vaccum Cleaner","Amazon Purchase","","Amazon India Private limited","Air Blower","MAA4-947131","30/01/2024","1","1799.00","17999.00","Prabhu","","","","","","",""
"115","10/01/2024","Furniture","Furniture","N.A","115","0148/Big Size Steel Table","Direct Purchase","","Big Size Steel Table","Big Size Steel Table","451","10/01/2024","1","2711.00","2711.00","Padma","Padma","","","","","",""
"114","10/01/2024","Furniture","Furniture","N.A","114","0147/Big Size Steel Round Table","Direct Purchase","","Sree Bharat Shamiyanas","Big Size Steel Round Table","451","10/01/2024","1","3989.02","3989.02","Padma","Padma","","","","","",""
"113","30/01/2024","Electronics","Electronics","N.A","113","Land Line Phone","Direct Purchase","","SS Telecommunication& Service","Land Line","324","30/01/2024","1","3000.00","3000.00","Prabhu","Prabhu","","","","","",""
"112","11/01/2024","Electronics","Electronics","N.A","112","0146Ezviz 3mp 6mm H8 Pro& Tilt 2k Wi-fi Camera","Direct Purchase","","SCY CCTV WORLD","Ezviz 3mp 6mm H8 Pro& Tilt 2k Wi-fi Camera","2023-24-940","11/01/2024","1","8000.00","8000.00","Hub Main Place","Prabhu","","","","","",""
"111","11/01/2024","Electronics","Electronics","N.A","111","0145/Ezviz 3mp 6mm H8 Pro& Tilt 2k Wi-fi Camera","Direct Purchase","","SCY CCTV WORLD","Ezviz 3mp 6mm H8 Pro& Tilt 2k Wi-fi Camera","2023-24-940","11/01/2024","1","8000.00","8000.00","Computer Lab","Prabhu","","","","","",""
"110","11/01/2024","Electronics","Electronics","N.A","110","0144/Ezviz 3mp 6mm H8 Pro& Tilt 2k Wi-fi Camera","Direct Purchase","","SCY CCTV WORLD","Ezviz 3mp 6mm H8 Pro& Tilt 2k Wi-fi Camera","2023-24-940","11/01/2024","1","8000.00","8000.00","Admin","Renuka","","","","","",""
"109","20/12/2023","Furniture","Furniture","N.A","109","0143/Leonardo Office Table Wenge/H Pine","Direct Purchase","","Ajana Furniture","Leonardo Office Table Wenge/H Pine","BRP00763/2023-24","01/01/2024","1","12000.00","12000.00","Admin","","","","","","",""
"108","20/12/2023","Furniture","Furniture","N.A","108","0142/Leonardo Office Table Wenge/H Pine","Direct Purchase","","Ajana Furniture","Leonardo Office Table Wenge/H Pine","BRP00763/2023-24","01/01/2024","1","12000.00","12000.00","Admin","Renuka","","","","","",""
"107","28/12/2023","Furniture","Furniture","N.A","107","0141/Novella 09 Chair","Direct Purchase","","Ajana Furniture","Novella 09 Chair","1971","28/12/2023","7","1700.00","1700.00","Rama Krishna","Avinash, Rama Krishna","","","","","",""
"106","28/12/2023","Furniture","Furniture","N.A","106","0140//Novella 09 Chair","Direct Purchase","","Ajana Furniture","Novella 09 Chair","1971","28/12/2023","6","1700.00","1700.00","Rama Krishna","Avinash, Rama Krishna","","","","","",""
"105","28/12/2023","Furniture","Furniture","N.A","105","0139/Novella 09 Chair","Direct Purchase","","Ajana Furniture","Novella 09 Chair","1971","28/12/2023","5","1700.00","1700.00","Rama Krishna","Avinash, Rama Krishna","","","","","",""
"104","28/12/2023","Furniture","Furniture","N.A","104","0138/Novella 09 Chair","Direct Purchase","","Ajana Furniture","Novella 09 Chair","1971","28/12/2023","4","1700.00","1700.00","Rama Krishna","Avinash, Rama Krishna","","","","","",""
"103","28/12/2023","Furniture","Furniture","N.A","103","0137/Novella 09 Chair","Direct Purchase","","Ajana Furniture","Novella 09 Chair","1971","28/12/2023","3","1700.00","1700.00","Rama Krishna","Avinash, Rama Krishna","","","","","",""
"102","28/12/2023","Furniture","Furniture","N.A","102","0136/Novella 09 Chair","Direct Purchase","","Ajana Furniture","Novella 09 Chair","1971","28/12/2023","2","1700.00","1700.00","Rama Krishna","Avinash, Rama Krishna","","","","","",""
"101","28/12/2023","Furniture","Furniture","N.A","101","0135/Novella 09 Chair","Direct Purchase","","Ajana Furniture","Novella 09 Chair","1971","28/12/2023","1","1700.00","1700.00","Rama Krishna","","","","","","",""
"100","28/12/2023","Furniture","Furniture","N.A","100","0134/Novella 09","Direct Purchase","","Ajana Furniture","Novella 09 Chair","1971","28/12/2023","1","1700.00","1700.00","Rama Krishna","Avinash, Rama Krishna","","","","","",""
"99","20/12/2023","Furniture","Furniture","N.A","099","0133/Visitor Chair Hybrid without  Arm-Black","Direct Purchase","","Damro","DHC001-Visitor Chair Hybrid Without Arm-Black","TIRSI2324-964AP","20/12/2023","1","?1,330","?1,330","Rama Krishna","Avinash, Rama Krishna","","","","","",""
"98","20/12/2023","Furniture","Furniture","N.A","098","0132/Visitor Chair Hybrid without  Arm-Black","Direct Purchase","","Damro","DHC001-Visitor Chair Hybrid Without Arm-Black","TIRSI2324-964AP","20/12/2023","1","?1,330","?1,330","Rama Krishna","Avinash, Rama Krishna","","","","","",""
"97","20/12/2023","Furniture","Furniture","N.A","097","0131/Visitor Chair Hybrid without  Arm-Yellow","Direct Purchase","","Damro","DHC001-Visitor Chair Hybrid Without Arm-Yellow","TIRSI2324-964AP","20/12/2023","1","?1,330","?1,330","Rama Krishna","Avinash, Rama Krishna","","","","","",""
"96","20/12/2023","Furniture","Furniture","N.A","096","0130/Visitor Chair Hybrid without  Arm-Yellow","Direct Purchase","","Damro","DHC001-Visitor Chair Hybrid Without Arm-Yellow","TIRSI2324-964AP","20/12/2023","1","?1,330","?1,330","Rama Krishna","Avinash, Rama Krishna","","","","","",""
"95","20/12/2023","Furniture","Furniture","N.A","095","0129/Visitor Chair Hybrid without Arm-Blue","Direct Purchase","","Damro","DHC001-Visitor Chair Hybrid Without Arm-Blue","TIRSI2324-964AP","20/12/2023","1","?1,330","?1,330","Rama Krishna","Avinash, Rama Krishna","","","","","",""
"94","20/12/2023","Furniture","Furniture","N.A","094","0128/Visitor Chair Hybrid without Arm-Red","Direct Purchase","","Damro","DHC001-Visitor Chair Hybrid Without Arm-Red","TIRSI2324-964AP","20/12/2023","1","?1,330","?1,330","Rama Krishna","Avinash, Rama Krishna","","","","","",""
"93","20/12/2023","Furniture","Furniture","N.A","093","0127/Visitor Chair Hybrid without Arm-Red","Direct Purchase","","Damro","DHC001-Visitor Chair Hybrid Without Arm-Red","TIRSI2324-964AP","20/12/2023","1","?1,330","?1,330","Rama Krishna","Avinash, Rama Krishna","","","","","",""
"92","20/12/2023","Furniture","Furniture","N.A","092","0126/Visitor Chair Hybrid without Arm-Red","Direct Purchase","","Damro","DHC001-Visitor Chair Hybrid Without Arm-Red","TIRSI2324-964AP","20/12/2023","1","?1,330","?1,330","Rama Krishna","Avinash, Rama Krishna","","","","","",""
"91","20/12/2023","Furniture","Furniture","N.A","091","0125/Visitor Chair Hybrid with Arm-Red","Direct Purchase","","Damro","DHAC001-Visitor Chair Hybrid With Arm-Red","TIRSI2324-964AP","20/12/2023","1","?1,330","?1,330","Rama Krishna","Avinash, Rama Krishna","","","","","",""
"90","20/12/2023","Furniture","Furniture","N.A","090","0124/Visitor Chair Hybrid with Arm-Black","Direct Purchase","","Damro","DHAC001-Visitor Chair Hybrid With Arm-Black","TIRSI2324-964AP","20/12/2023","1","?1,330","13300.00","Rama Krishna","Avinash, Rama Krishna","","","","","",""
"89","24/11/2023","Furniture","Furniture","N.A","089","0123/Wooden Partition          4Panel with Stands      B0CGVW1CN7","Direct Purchase","","Amazon India Private limited","Online Shopee Wooden Partition for pooja Room/Separators For Living Room/ Wall Partition/Room Partition/Wooden Partition","IN-1633","24/11/2023","1","?7,289","?7,289","Roshan","Roshan","","","","","",""
"88","23/11/2023","Furniture","Furniture","N.A","088","0122 Dining Chair Suwon-MH42110 Brown","Direct Purchase","","Damro","Dining Chair Suwon MH42110-Brown","TIRSI2324-850AP","23/11/2023","1","5282.00","5282.00","","","","","","","",""
"87","23/11/2023","Furniture","Furniture","N.A","087","0121 Dining Chair Suwon-MH42110 Brown","Direct Purchase","","Damro","Dining Chair Suwon MH42110-Brown","TIRSI2324-850AP","23/11/2023","1","5282.00","5282.00","","","","","","","",""
"86","23/11/2023","Furniture","Furniture","N.A","086","0120/Side Table Suwon MH82131-Brown","Direct Purchase","","Damro","Side Table Suwon MH82131-Brown","TIRSI2324-850AP","23/11/2023","1","2935.00","2935.00","","","","","","","",""
"85","23/11/2023","Furniture","Furniture","N.A","085","0119 Discussion Table M-42","Direct Purchase","","Damro","KDSS004-Discussion Table-M42","TIRSI2324-851AP","23/11/2023","1","7990.00","7990.00","Meeting Room","Avinash","","","","","",""
"84","23/11/2023","Furniture","Furniture","N.A","084","0118/KD Display Unit","Direct Purchase","","Damro Furniture (PVT) LTD","KD Display Unit M42","TIRSI23-24847AP","23/11/2023","1","?1,990","?1,990","Roshan","Roshan","","","","","",""
"83","06/11/2023","Furniture","Furniture","N.A","083","0117/Ryan Computer Table CP20214002","Direct Purchase","","Royaloak","Ryan Computer Table","ROK4-1064","06/11/2023","1","4500.00","?4,500.00","Admin","Roshan","","","","","",""
"82","06/11/2023","Furniture","Furniture","N.A","082","0116/ Nario Conference Table CNT20191007","Direct Purchase","","Royaloak","Nario Conference Table CNT","ROK4-1064","06/11/2023","1","18000.00","18000.00","Meeting","Roshan","","","","","",""
"81","30/05/2023","Electorinics","Tenda Nova MW6 Whole Home 1200 Mbps Dual_Band Mesh Wi-Fi System, 6000sq Wi-Fi Coverage, Two Gigabit Ports, APP Control, Easy Set Up, Router and Wi-Fi Booster Replacement (White, Pack of 3)","S.No E85920151423000729","081","0114/Tenda Nova Mw6 Whole Home 1200 Mbps Dual Band Mesh Wi-Fi System","Online Purchase","","Amazon India Private limited","Tenda Nova MW6 Whole Home Dual Band Mesh Wi-FI System","CCU1-796316","26/05/2023","1","4833.00","4833.00","Project Director Office","Roshan","","","","","",""
"80","30/05/2023","Electorinics","Tenda Nova MW6 Whole Home 1200 Mbps Dual_Band Mesh Wi-Fi System, 6000sq Wi-Fi Coverage, Two Gigabit Ports, APP Control, Easy Set Up, Router and Wi-Fi Booster Replacement (White, Pack of 3)","S.No E85920151423000728","080","0113/Tenda Nova Mw6 Whole Home 1200 Mbps Dual Band Mesh Wi-Fi System","Online Purchase","","Amazon India Private limited","Tenda Nova MW6 Whole Home Dual Band Mesh Wi-FI System","CCU1-796316","26/05/2023","1","4833.00","4833.00","Advisors Room","Prabhu","","","","","",""
"79","30/05/2023","Electorinics","Tenda Nova MW6 Whole Home 1200 Mbps Dual_Band Mesh Wi-Fi System, 6000sq Wi-Fi Coverage, Two Gigabit Ports, APP Control, Easy Set Up, Router and Wi-Fi Booster Replacement (White, Pack of 3)","S.No E85920151423000727","079","0112/Tenda Nova Mw6 Whole Home 1200 Mbps Dual Band Mesh Wi-Fi System","Online Purchase","","Amazon India Private limited","Tenda Nova MW6 Whole Home Dual Band Mesh Wi-FI System","CCU1-796316","26/05/2023","1","4833.00","4833.00","Project Director Room","Roshan","","","","","",""
"78","24/04/2023","Electronics","Lava Lxx503, Blaze 5G Glass Green, 6GB RAM, UFS 2.2 128GB Storage) | 5G Ready | 50MP AI Triple Camera, Charger Included, (B0BSTVXFWD) HSN:85171300","S.No BL5G6DB23CB016188","078","0111/Lava LXX503, Blaze 5G Mobile","Online Purchase","","Amazon India Private limited","5G Mobile","BLR7-214130","24/04/2023","1","11999.00","11999.00","HR","Renuka","","Not A Asset (Only For Information Purpose)","","","",""
"77","17/04/2024","Computer Equipment","SanDisk 1TB Extreme Portable SSD 1050MB/s R, 1000MB/s","S.No 2305BT6402794","077","0105/SanDisk 1TB Extreme Portable SSD","Online Purchase","","Amazon India Private limited","SanDisk 1 TB Extreme Portable SSD","BLR8-188753","17/04/2024","1","9959.00","9959.00","Admin","Prabhu","","","","","",""
"76","17/04/2024","Computer Equipment","SanDisk 1TB Extreme Portable SSD 1050MB/s R, 1000MB/s","S.No 2305BT6402616","076","0104/SanDisk 1TB Extreme Portable SSD","Online Purchase","","Amazon India Private limited","SanDisk 1 TB Extreme Portable SSD","BLR8-188752","17/04/2023","1","9959.00","9959.00","Admin","Prabhu","","","","","",""
"75","11/04/2023","Electronics","Meta Quest 2 With 128GB, Meta Quest Headset, Two Touch Controllers, 15w Power Adapter, Frame Friendly Spacer","S.No 1WMVR420BY2431 Mfg 2022/10","075","091/Meta Quest HeadSet, Controllers,","IITNIF/PO/2022/23","14/03/2023","Trikingdom Traders Pvt Ltd","Meta Quest 2 With 128 GB Storage","BLR8-188753","17/04/2023","1","41121.00","41121.00","IT","Sanjay","","","","","",""
"74","11/04/2023","Electronics","Meta Quest 2 With 128GB, Meta Quest Headset, Two Touch Controllers, 15w Power Adapter, Frame Friendly Spacer","S.No 1WMVR4203D2264 mfg 2022/06","074","090/Meta Quest HeadSet, Controllers,","IITNIF/PO/2022/23","14/03/2023","Trikingdom Traders Pvt Ltd","Meta Quest 2 With 128 GB Storage","BLR8-188752","17/04/2023","1","41121.00","41121.00","IT","Sanjay","","","","","",""
"73","28/03/2023","Electronics","LG Interactive Digital Board 75","LG Model Number (75TR3DJ-1-LG.CTRFLH) LG Interactive Digital Board 75, S.No 212GLJS00748, Mfg-Dec-2022","073","089/LG Interactive Digital Board 75/ 212GLJS00748","IITTNIF/PO/2022-23/26","","Lapis Technologies, Vijayawada","LG Interactive Digital Board 75","S-B2/22-23/1163","28/03/2023","1","168500.00","198830.00","Project Director","Roshan","","","","","",""
"72","29/03/2023","Electronics","LG 4K UHD Television","LG Model Number (75UQ8050PSB) 189 Cm, 4K Ultra HD Led WebOS TV 2022, S.No 209PLMP258283, Mfg-Sep-2022","072","088/LG 4K Ultra HD Web OS Television 75UQ8050PSB","IITTNIF/PO/2022-23/17","10/03/2023","Liam Business Solutions, Kolapakkam, Chennai","LG Television 4K Ultra HD Led Web Os","#00111","29/03/2023","1","169000.00","199420.00","Project Director","Roshan","","","","","",""
"71","31/03/2023","Computer Equipment","All in one Desktops","Seal Not Open","071","087/Dell Optiplex 5400 All in One Desktop","IITTNIF/PO/2022-23/19","10/03/2023","Frontier Business Systems, Chennai, Tamilnadu","Dell Optiplex 5400 All in One Desktop","TNBS22230200376","31/03/2023","5","113822.80","113822.80","Advisors Room","Prabhu","","","","","",""
"70","31/03/2023","Computer Equipment","All in one Desktops","Seal Not Open","070","086/Dell Optiplex 5400 All in One Desktop","IITTNIF/PO/2022-23/19","10/03/2023","Frontier Business Systems, Chennai, Tamilnadu","Dell Optiplex 5400 All in One Desktop","TNBS22230200376","31/03/2023","4","113822.80","113822.80","Sailaja","Sailaja","","","","","",""
"69","31/03/2023","Computer Equipment","All in one Desktops","Seal Not Open","069","085/Dell Optiplex 5400 All in One Desktop","IITTNIF/PO/2022-23/19","10/03/2023","Frontier Business Systems, Chennai, Tamilnadu","Dell Optiplex 5400 All in One Desktop","TNBS22230200376","31/03/2023","3","113822.80","113822.80","Chandana","Prabhu","","","","","",""
"68","31/03/2023","Computer Equipment","All in one Desktops","Dell Optiplex 5400 All-in-One Dekstop S.No 5R3GBW3, Wirelss-Keyboard& Mouse Windows 11 Pro Product Id Product ID 00355-60887-69721-AAOEM, Device ID  9DFE023B-E9E9-4ECD-9D7C-0EB02DEF6001","068","084/Dell Optiplex 5400 All in One Desktop","IITTNIF/PO/2022-23/19","10/03/2023","Frontier Business Systems, Chennai, Tamilnadu","Dell Optiplex 5400 All in One Desktop","TNBS22230200376","31/03/2023","2","113822.80","113822.80","Avinash","Front Desk Reception","","","","","",""
"67","31/03/2023","Computer Equipment","All in one Desktops","Dell Optiplex 5400 All-in-One Dekstop S.No 2R3GBW3, Wirelss-Keyboard& Mouse Windows 11 Pro Product Id Product ID 00355-60887-69724-AAOEM, Device ID 87911850-865A-4014-A670-9D3DB741867A","067","083/Dell Optiplex 5400 All in One Desktop","IITTNIF/PO/2022-23/19","10/03/2023","Frontier Business Systems, Chennai, Tamilnadu","Dell Optiplex 5400 All in One Desktop","TNBS22230200376","31/03/2023","1","113822.80","113822.80","IT","Sai Durga","","","","","",""
"66","31/03/2023","Computer Equipment","Camera","Video Conference Camera-Jabra Panacast 50","066","082/Conference Camera-Jabra Panacast 50","IITTNIF/PO/2022-23/17","10/03/2023","Liam Business Solutions, Kolapakkam, Chennai","Jabra Panacast 50 Video Conference Camera","#00112","31/03/2023","1","211000.00","248980.00","Project Director","Roshan","","","","","",""
"65","31/03/2023","Computer Equipment","Printer","HP Designjet XL 3600 Dr 36-in Multifunction Printer With Postscript/PDF S.no CN282CH01G","065","081/HP Designjet XL 3600 Dr 36","IITTNIF/PO/2022-23/20","10/03/2023","Microcare Computers PVT LTD-VJA","HP Designjet XL 3600 Dr 36-in Multifuction Printer","220201362","23/03/2023","1","900491.00","1062579.00","Project Director","Roshan","","","","","",""
"64","29/03/2023","Computer Equipment","Projector","S/NX89Q2Y00057","064","080/EPSON H974C Projector","IITNIF/PO/2022-23/25","27/03/2023","Liam Business Solutions, Kolapakkam, Chennai","Epson Projector","#00110","29/03/2023","1","147000.00","173460.00","Project Director","Roshan","","","","","",""
"63","29/03/2023","Computer Equipment","Laptop","Dell Laptop Product Id AAOEM- Service Tag 94328S3, Aug-2023, Dell BAG BACK PACK","063","079/Dell Laptop Service Tag No: 94328S3","IITTNIF/PO/2022-23/17","10/03/2023","Liam Business Solutions, Kolapakkam, Chennai","Dell Inspiron-7420 2-In-1 Laptop","#0010","29/03/2023","1","67200.00","67200.00","","","","","","","",""
"62","29/03/2023","Computer Equipment","Laptop","Dell Laptop Product Id 00356-24616-84978-AAOEM- Service Tag 4GZ18S3, Aug-2023, Dell BAG BACK PACK","062","078/Dell Laptop Service Tag No: 4GZ18S3","IITTNIF/PO/2022-23/17","10/03/2023","Liam Business Solutions, Kolapakkam, Chennai","Dell Inspiron-7420 2-In-1 Laptop","#0010","29/03/2023","1","67200.00","67200.00","IT","Dr. Abjith","","","","","",""
"61","29/03/2023","Computer Equipment","Laptop","Dell Laptop Product Id 00356-24638-76169-AAOEM- Service Tag B4328S3, Aug-2023, Dell BAG BACK PACK","061","077/Dell Laptop Service Tag No: B4328S3","IITTNIF/PO/2022-23/17","10/03/2023","Liam Business Solutions, Kolapakkam, Chennai","Dell Inspiron-7420 2-In-1 Laptop","#0010","29/03/2023","1","67200.00","67200.00","IT","Venkata Subbareddy","","","","","",""
"60","29/03/2023","Computer Equipment","Laptop","Dell Laptop Product Id 00356-24638-76186-AAOEM- Service Tag C5328S3, Aug-2023, Dell BAG BACK PACK","060","076/Dell Laptop Service Tag No: C5328S3","IITTNIF/PO/2022-23/17","10/03/2023","Liam Business Solutions, Kolapakkam, Chennai","Dell Inspiron-7420 2-In-1 Laptop","#0010","29/03/2023","1","67200.00","67200.00","PR To PD","Dinesh","","","","","",""
"59","29/03/2023","Computer Equipment","Laptop","Dell Laptop Product Id 00356-24638-76180-AAOEM- Service Tag 55328S3, Aug-2023, Dell BAG BACK PACK","059","075/Dell Laptop Service Tag No: 55328S3","IITTNIF/PO/2022-23/17","10/03/2023","Liam Business Solutions, Kolapakkam, Chennai","Dell Inspiron-7420 2-In-1 Laptop","#0010","29/03/2023","1","67200.00","67200.00","Technical Lead","Sujanth Narayan","","","","","",""
"58","29/03/2023","Computer Equipment","Laptop","Dell Laptop Product Id 00356-24616-87930-AAOEM- Service Tag 5221853, Aug-2023, Dell BAG BACK PACK","058","074/Dell Laptop Service Tag No: 5221853","IITTNIF/PO/2022-23/17","10/03/2023","Liam Business Solutions, Kolapakkam, Chennai","Dell Inspiron-7420 2-In-1 Laptop","#0010","29/03/2023","1","67200.00","67200.00","Hardware","Prabhu","","","","","",""
"57","29/03/2023","Computer Equipment","Laptop","Dell Laptop Product Id 00356-24638-40247-AAOEM- Service Tag 34328S3, Dec-2022, Dell BAG BACK PACK","057","073/Dell Laptop Service Tag No: 34328S3","IITTNIF/PO/2022-23/17","10/03/2023","Liam Business Solutions, Kolapakkam, Chennai","Dell Inspiron-7420 2-In-1 Laptop","#0010","29/03/2023","1","67200.00","67200.00","IT","Renuka","","","","","",""
"56","29/03/2023","Computer Equipment","Laptop","Dell Laptop Product Id 00356-24638-76162-AAOEM- Service Tag 34328S3, Dec-2022, Dell BAG BACK PACK","056","072/Dell Laptop Service Tag No:  34328S3","IITTNIF/PO/2022-23/17","10/03/2023","Liam Business Solutions, Kolapakkam, Chennai","Dell Inspiron-7420 2-In-1 Laptop","#0010","29/03/2023","1","67200.00","67200.00","Hardware","Prabhu","","","","","",""
"55","29/03/2023","Computer Equipment","Laptop","Dell Laptop Product Id 00356-24616-81937-AAOEM- Service Tag GGZ18S3, Dec-2022, Dell BAG BACK PACK","055","071/Dell Laptop Service Tag No: GGZ18S3","IITTNIF/PO/2022-23/17","10/03/2023","Liam Business Solutions, Kolapakkam, Chennai","Dell Inspiron-7420 2-In-1 Laptop","#0010","29/03/2023","1","67200.00","67200.00","Accounts","Siva","","","","","",""
"54","29/03/2023","Computer Equipment","Laptop","Dell Laptop Product Id 00356-24616-87930-AAOEM- Service Tag 5ZZ18S3, Dec-2022, Dell BAG BACK PACK","054","070/Dell Laptop Service Tag No: 5ZZ18S3","IITTNIF/PO/2022-23/17","10/03/2023","Liam Business Solutions, Kolapakkam, Chennai","Dell Inspiron-7420 2-In-1 Laptop","#0010","29/03/2023","1","67200.00","67200.00","GNSS","Madhavi","","","","","",""
"53","18/03/2023","Computer Equipment","Biomatric Machine","T304F MINI/RSS20220511378","053","069/T304F MINI BIOMATRIC MACHINE","IITTNIF/PO/20232-23/24","15/03/2023","SCY CCTV WORLD","T304F MINI BIOMATRIC MACHINE","5292","18/03/2023","1","24380.00","24380.00","Admin","Avinash","","","","","",""
"52","17/03/2023","Computer Equipment","Printer","CNDRQ5K6KD","052","068/HP Laserjet Pro M329DW MFP Printer","IITTNIF/PO/2022-23/18","10/03/2023","Microcare Computers PVT LTD-VJA","HP LaserJet Pro M329DW MFP","220201351","17/03/2023","1","35352.66","35352.66","Startup Room No7","Prabhu","","","","","",""
"51","17/03/2023","Computer Equipment","Printer","CNDRQ5K6KT","051","067/HP Laserjet Pro M329DW MFP Printer","IITTNIF/PO/2022-23/18","10/03/2023","Microcare Computers PVT LTD-VJA","HP LaserJet Pro M329DWMFP","220201351","17/03/2023","1","35352.66","35352.66","Roshan","Roshan","","","","","",""
"50","17/03/2023","Computer Equipment","Printer","CNDRQ5K6Q7","050","066/HP Laserjet Pro M329DW MFP Printer","IITTNIF/PO/2022-23/18","10/03/2023","Microcare Computers PVT LTD-VJA","HP LaserJet Pro M329DWMFP","220201351","17/03/2023","1","35352.66","35352.66","Admin","Renuka","","","","","",""
"49","17/03/2023","Furniture","Furniture","N.A","049","065/Godrej Storwel Plain- Prince Grey Almirah","IITTNiF/PO/20232-23/22 & 10-Mar-23","10/03/2023","P Obul Reddy And Sons","Godrej Pulse High Back Chair","22-23/05IN0325","17/03/2023","1","27519.00","27519.00","Advisors Room","Roshan","","","","","",""
"48","17/03/2023","Furniture","Furniture","N.A","048","064/ Storwel Plain- Prince Grey Almirah","IITTNiF/PO/20232-23/22 & 10-Mar-23","10/03/2023","P Obul Reddy And Sons","Godrej Pulse High Back Chair","22-23/05IN0325","17/03/2023","1","27519.00","27519.00","Cafeteria","Padma","","","","","",""
"47","17/03/2023","Furniture","Furniture","N.A","047","063/Godrej Pulse High Back Chair","IITTNiF/PO/20232-23/22 & 10-Mar-23","10/03/2023","P Obul Reddy And Sons","Godrej Pulse High Back Chair","22-23/05IN0325","17/03/2023","1","14042.50","14042.50","admin","admin","","","","","",""
"46","17/03/2023","Furniture","Furniture","N.A","046","062/Godrej Pulse High Back Chair","IITTNiF/PO/20232-23/22 & 10-Mar-23","10/03/2023","P Obul Reddy And Sons","Godrej Pulse High Back Chair","22-23/05IN0325","17/03/2023","1","14042.50","14042.50","admin","admin","","","","","",""
"45","17/03/2023","Furniture","Furniture","N.A","045","061/Storwell Godrej Executive Table 104","IITTNiF/PO/20232-23/22 & 10-Mar-23","10/03/2023","P Obul Reddy And Sons","Godrej Executive Table 104","22-23/05IN0325","17/03/2023","1","35943.00","35943.00","Manager Room","Manager Room","","","","","",""
"44","17/03/2023","Furniture","Furniture","N.A","044","060/Storwell Godrej Executive Table 104","IITTNiF/PO/20232-23/22 & 10-Mar-23","10/03/2023","P Obul Reddy And Sons","Godrej Executive Table 104","22-23/05IN0325","17/03/2023","1","35943.00","35943.00","Manager Room","Manager Room","","","","","",""
"43","14/03/2028","Furniture","Furniture","N.A","043","059/Godrej Pulse Mid Back Chair","IITTNiF/PO/20232-23/21 DTD: 10.03.2023&14.05.23","10/03/2023","P Obul Reddy And Sons","Godrej Pulse Mid Back Chair","22-23/05IN0315","14/03/2023","1","12848.14","12848.14","Meeting Room","Meeting Room","","","","","",""
"42","14/03/2027","Furniture","Furniture","N.A","042","058/Godrej Pulse Mid Back Chair","IITTNiF/PO/20232-23/21 DTD: 10.03.2023&14.05.23","10/03/2023","P Obul Reddy And Sons","Godrej Pulse Mid Back Chair","22-23/05IN0315","14/03/2023","1","12848.14","12848.14","Meeting Room","Meeting Room","","","","","",""
"41","14/03/2026","Furniture","Furniture","N.A","041","057/Godrej Pulse Mid Back Chair","IITTNiF/PO/20232-23/21 DTD: 10.03.2023&14.05.23","10/03/2023","P Obul Reddy And Sons","Godrej Pulse Mid Back Chair","22-23/05IN0315","14/03/2023","1","12848.14","12848.14","Meeting Room","Meeting Room","","","","","",""
"40","14/03/2025","Furniture","Furniture","N.A","040","056/Godrej Pulse Mid Back Chair","IITTNiF/PO/20232-23/21 DTD: 10.03.2023&14.05.23","10/03/2023","P Obul Reddy And Sons","Godrej Pulse Mid Back Chair","22-23/05IN0315","14/03/2023","1","12848.14","12848.14","Meeting Room","Meeting Room","","","","","",""
"39","14/03/2024","Furniture","Furniture","N.A","039","055/Godrej Pulse Mid Back Chair","IITTNiF/PO/20232-23/21 DTD: 10.03.2023&14.05.23","10/03/2023","P Obul Reddy And Sons","Godrej Pulse Mid Back Chair","22-23/05IN0315","14/03/2023","1","12848.14","12848.14","Meeting Room","Meeting Room","","","","","",""
"38","14/03/2023","Furniture","Furniture","N.A","038","054/Godrej Table T 8 N Teak with Tree Mist","IITTNiF/PO/20232-23/21 DTD: 10.03.2023&14.05.23","10/03/2023","P Obul Reddy And Sons","Table T * N Teak with Tree Mist","22-23/05IN0315","14/03/2023","1","17896.00","17896.00","LAB 4","","","","","","",""
"37","14/03/2023","Furniture","Furniture","N.A","037","053/Godrej Table T 8 N Teak with Tree Mist","IITTNiF/PO/20232-23/21 DTD: 10.03.2023&14.05.23","10/03/2023","P Obul Reddy And Sons","Table T * N Teak with Tree Mist","22-23/05IN0315","14/03/2023","1","17896.00","17896.00","LAB 4","","","","","","",""
"36","14/03/2023","Furniture","Furniture","N.A","036","052/Godrej Table T 8 N Teak with Tree Mist","IITTNiF/PO/20232-23/21 DTD: 10.03.2023&14.05.23","10/03/2023","P Obul Reddy And Sons","Table T * N Teak with Tree Mist","22-23/05IN0315","14/03/2023","1","17896.00","17896.00","LAB 4","","","","","","",""
"35","14/03/2023","Furniture","Furniture","N.A","035","051/Godrej Storwel Plain- Prince Grey Almirah","IITNIF/PO/20232-23/21-10.03.2023","10/03/2023","P Obul Reddy And Sons","Storewel Plain -Prince Grey Almirah","22-23/05IN0316","14/03/2023","1","27519.00","27519.00","Harware","Prabhu","","","","","",""
"34","14/03/2023","Furniture","Furniture","N.A","034","050/Godrej Storwel Plain- Prince Grey Almirah","IITNIF/PO/20232-23/21-10.03.2023","10/03/2023","P Obul Reddy And Sons","Storewel Plain -Prince Grey Almirah","22-23/05IN0316","14/03/2023","1","27519.00","27519.00","Office","Avinash","","","","","",""
"33","14/03/2023","Furniture","Furniture","N.A","033","049/Godrej Storwel Plain- Prince Grey Almirah","IITNIF/PO/20232-23/21-10.03.2023","10/03/2023","P Obul Reddy And Sons","Storewel Plain -Prince Grey Almirah","22-23/05IN0316","14/03/2023","1","27519.00","27519.00","Admin","Renuka","","","","","",""
"32","18/11/2022","Stationary","Stationary","N.A","032","038/ Kangaro Paper Punch HDP 2320","Direct Purchase","","Kendriya Bandagar Tirupati","Kangaro Paper Punch HDP 2320","395/2022-2023","18/11/2022","1","3813.00","3813.00","Admin","Siva","","Not A Asset (Only For Information Purpose)","","","",""
"31","12/09/2022","Electronics","Crompton High Flo Table Fan","S.No MMF02VC104592","031","034/Crompton High Flo Wave Plus","Direct Purchase","","Naaz Electronics dealers","Crompton High Flo Wave plus Table Fan","N.A","12/09/2022","1","2800.00","2800.00","2126 Hostel","Masthan","","","","","",""
"30","12/05/2022","Furniture","Glass Steel 4Drawer","22-23/05IN029 Godrej Steel 4 Drawer Book Case","030","030/Godrej Steel 4 Drawer Book Case","Direct Purchase","11/05/2022","P.Obul Reddy & Sons,Tirupati","Godrej Steel 4 Drawer Book Case","22-23/05IN029","12/05/2022","1","33500.00","33500.00","Project Director","Roshan","","","","","",""
"29","20/04/2022","Furniture","Small Table","N.A","029","029/ Nilkamal Ignis Side Table-Dark Brown 20.04.2022","Direct Purchase","","Anajana Furniture Nilkmal Distrubutor, Tirupati","Nilkamal Ignis Side Table-Dark Brown","765","20/04/2022","1","N.A","N.A","Admin","Padma","","Amount Includeded in S.no 20","","","",""
"28","23/06/2022","Mobile Phone","Mobile","Redmi 9Active M2006C3MII IMEI NO 863857050216257, 863857050216265","028","028/Redmi 9Active 6gb Ram, 128Gb internal Memory","Online Purchase","","Flipkart India online","Redmi 9 Active 6Gb Ram, 128 Gb Internal memory","#FADPL523000234517","23/06/2022","1","11276.00","11276.00","IT","Eeswar (Accounts)","","Not A Asset (Only For Information Purpose)","","","",""
"27","22/06/2022","Mobile Phone","Mobile","Redmi 9Active M2006C3MII IMEI NO 863857051582632, 863857051582640","027","027/Redmi 9Active 6gb Ram, 128Gb internal Memory","Online Purchase","","Amazon India Private limited","Redmi 9 Active 6Gb Ram, 128 Gb Internal memory","HYD8-285336","22/06/2022","1","11499.00","11499.00","BDM","Awadh","","Not A Asset (Only For Information Purpose)","","","",""
"26","08/06/2022","Computer Equipment","All in one Desktops","Dell Optiplex 7780 AIO, S.No JTZ4ZP3 Date 08.06.2022, Dell Pro KM 52211 Wireles- Keyboard&Mouse Windows 10 Pro, Product id","026","026/ Dell Optiplex 7780 All-in-One XCTO","IITTNIF/PO/2021-22/06","11/05/2022","Gowra Bits & Bytes Pvt.Ltd, Telangana","Dell Optiplex 7780 All-in-One XCTo Touch i7, 16Gb Ram","2022-23/121","08/06/2022","1","141305.00","141305.00","Admin","Narasimaha Rao","","","","","",""
"25","08/06/2022","Computer Equipment","All in one Desktops","Dell Optiplex 7780 AIO, S.No HTZ4ZP3 Date 08.06.2022, Dell Pro KM 52211 Wireles- Keyboard&Mouse Windows 10 Pro, Product Id 00355-62892-03068-AAOEM","025","025/ Dell Optiplex 7780 All-in-One XCTO","IITTNIF/PO/2021-22/06","11/05/2022","Gowra Bits & Bytes Pvt.Ltd, Telangana","Dell Optiplex 7780 All-in-One XCTo Touch i7, 16Gb Ram","2022-23/121","08/06/2022","1","141305.00","141305.00","Accounts","'-","","","","","",""
"24","08/06/2022","Computer Equipment","All in one Desktops","Dell Optiplex 7780 AIO, S.No GTZ4ZP3 Date 08.06.2022, Dell Pro KM 52211 Wireles- Keyboard&Mouse Windows 10 Pro Product Id 00355-62892-03066-AAOEM, Service Tag GTZ4ZP3","024","024/ Dell Optiplex 7780 All-in-One XCTO","IITTNIF/PO/2021-22/06","11/05/2022","Gowra Bits & Bytes Pvt.Ltd, Telangana","Dell Optiplex 7780 All-in-One XCTo Touch i7, 16Gb Ram","2022-23/121","08/06/2022","1","141305.00","141305.00","PD","Roshan","","","","","",""
"23","08/06/2022","Computer Equipment","All in one Desktops","Dell Optiplex 7780 AIO, S.No FTZ4ZP3-Date 08.06.2022, Dell Pro KM 52211 Wireles- Keyboard&Mouse Windows 10 Pro, Product Id 00355-62892-03069-AAOEM","023","023/ Dell Optiplex 7780 All-in-One XCTO","IITTNIF/PO/2021-22/06","11/05/2022","Gowra Bits & Bytes Pvt.Ltd, Telangana","Dell Optiplex 7780 All-in-One XCTo Touch i7, 16Gb Ram","2022-23/121","08/06/2022","1","141305.00","141305.00","Assets","Chandra","","","","","",""
"22","04/06/2022","Computer Equipment","Printer","S.No VNF3303041","022","022/ HP Printer Laserjet Tank 2606 SDW","Direct Purchase","","Oasis India A Network Private Limited","HP Printer Laserjet Tank 2606 SDW","OACSO322-129","04/01/1900","1","27900.00","27900.00","Admin","Renuka","","","","","",""
"21","25/05/2022","Computer Equipment","Printer","S.No KNNN00965","021","021/2022-23/87 Canon G6070 Printer","IITNIF/PO/2021-22/06","11/05/2022","Gowra Bits & Bytes Pvt.Ltd, Telangana","Canon G6070 Printer","2022-23/87","25/05/2022","1","24780.00","24780.00","Admin","Renuka","","","","","",""
"20","20/04/2022","Furniture","Small Table","N.A","020","020/ Nilkamal Ignis Side Table-Dark Brown 20.04.2022","Direct Purchase","","Anajana Furniture Nilkmal Distrubutor, Tirupati","Nilkamal Ignis Side Table-Dark Brown","765","20/04/2022","1","5800.00","5800.00","Roshan","Roshan","","","","","",""
"19","07/05/2022","Computer Equipment","Laptop","Dell Mobile Workstation, Model Number 16GB RAM, S.NO W06Q000108090442A, 1TB SSD, Service Tag GFKNCL3","019","019/ Dell Presision Mobile Workstation Laptop/ 07.05.2022","IITTNIF/PO/2021-22/05","05/05/2022","Gowra Bits & Bytes Pvt.Ltd, Telangana","Dell Presision Mobile Workstation 3561/16gbRam-1TB Hard Disk","2022-23/61","07/05/2022","1","182900.00","182900.00","IT Admin","Sanjay Gupta","","","","","",""
"18","11/05/2022","Furniture","Furniture","N.A","018","018/Godrej Pulse High Back Chair/11.05.2022","IITTNIF/PO/2021-22/05","11/05/2022","P.Obul Reddy & Sons,Tirupati","Godrej Pulse High Back Chair","22-23/05IN023","09/05/2022","1","13340.00","13340.00","CEO","CEO","","","","","",""
"17","11/05/2022","Furniture","Furniture","N.A","017","017/Godrej Pulse High Back Chair/11.05.2022","IITTNIF/PO/2021-22/05","11/05/2022","P.Obul Reddy & Sons,Tirupati","Godrej Pulse High Back Chair","22-23/05IN023","09/05/2022","1","13340.00","13340.00","Project Director","Roshan","","","","","",""
"16","11/05/2022","Furniture","Furniture","N.A","016","016/Godrej Executive Table 104/ 11.05.2022","IITTIF/PO/2021-22/05","11/05/2022","P.Obul Reddy & Sons,Tirupati","Godrej Executive Table T104","22-23/05IN024","06/05/2022","1","34146.00","34146.00","Advisors Room","Roshan","","","","","",""
"15","20/04/2022","Furniture","Furniture","N.A","015","015/Godrej Pulse Mid Back Chair/ 20.04.2022","INIF/PO/2021-22/03 Dated 20.04.2022","20/04/2022","P.Obul Reddy & Sons,Tirupati","Godrej Pulse Mid Back Chair","22-23/05IN09","21/04/2022","1","12205.00","12205.00","Admin","Roshan","","","","","",""
"14","20/04/2022","Furniture","Furniture","N.A","014","014/Godrej Pulse Mid Back Chair/ 20.04.2022","INIF/PO/2021-22/03 Dated 20.04.2022","20/04/2022","P.Obul Reddy & Sons,Tirupati","Godrej Pulse Mid Back Chair","22-23/05IN09","21/04/2022","1","12205.00","12205.00","Admin","Roshan","","","","","",""
"13","20/04/2022","Furniture","Furniture","N.A","013","013/Godrej Pulse Mid Back Chair/ 20.04.2022","INIF/PO/2021-22/03 Dated 20.04.2022","20/04/2022","P.Obul Reddy & Sons,Tirupati","Godrej Pulse Mid Back Chair","22-23/05IN09","21/04/2022","1","12205.00","12205.00","Admin","Roshan","","","","","",""
"12","06/04/2022","Furniture","Furniture","N.A","012","012/Godrej Pulse High Back Chair/ 06.04.2022","INIF/PO/2021-22/03 Dated 06.04.2022","06/04/2022","P.Obul Reddy & Sons,Tirupati","Godrej Pulse High Back Chair","22-23/05IN04","06/04/2022","1","13340.00","13340.00","Admin","Roshan","","","","","",""
"11","06/04/2022","Furniture","Furniture","N.A","011","011/Godrej Pulse Mid Back Chair/ 06.04.2022","INIF/PO/2021-22/03 Dated 06.04.2022","06/04/2022","P.Obul Reddy & Sons,Tirupati","Godrej Pulse Mid Back Chair","22-23/05IN04","06/04/2022","1","12205.00","12205.00","Admin","Roshan","","","","","",""
"10","06/04/2022","Furniture","Furniture","N.A","010","010/Godrej Pulse Mid Back Chair/ 06.04.2022","INIF/PO/2021-22/03 Dated 06.04.2022","06/04/2022","P.Obul Reddy & Sons,Tirupati","Godrej Pulse Mid Back Chair","22-23/05IN04","06/04/2022","1","12205.00","12205.00","Admin","Roshan","","","","","",""
"9","06/04/2022","Furniture","Furniture","N.A","009","009/Godrej Pulse Mid Back Chair/ 06.04.2022","INIF/PO/2021-22/03 Dated 06.04.2022","06/04/2022","P.Obul Reddy & Sons,Tirupati","Godrej Pulse Mid Back Chair","22-23/05IN04","06/04/2022","1","12205.00","12205.00","Admin","Roshan","","","","","",""
"8","06/04/2022","Furniture","Furniture","N.A","008","008/Godrej Pulse Mid Back Chair/ 06.04.2022","INIF/PO/2021-22/03 Dated 06.04.2022","06/04/2022","P.Obul Reddy & Sons,Tirupati","Godrej Pulse Mid Back Chair","22-23/05IN04","06/04/2022","1","12205.00","12205.00","Admin","Roshan","","","","","",""
"7","06/04/2022","Furniture","Furniture","N.A","007","007/Godrej Pulse Mid Back Chair/ 06.04.2022","INIF/PO/2021-22/03 Dated 06.04.2022","06/04/2022","P.Obul Reddy & Sons,Tirupati","Godrej Pulse Mid Back Chair","22-23/05IN04","06/04/2022","1","12205.00","12205.00","Admin","Roshan","","","","","",""
"6","06/04/2022","Furniture","Furniture","N.A","006","006/Storwell Godrej Executive Table 104/ 06.04.2022","INIF/PO/2021-22/03 Dated 06.04.2022","06/04/2022","P.Obul Reddy & Sons,Tirupati","Godrej Executive Table -104","22-23/05IN04","06/04/2022","1","34146.00","34146.00","Advisors Room","Roshan","","","","","",""
"5","17/03/2022","Furniture","Furniture","N.A","005","005/Storwell Godrej Furniture-Drawer Filling Cabinets / 17.03.2022","INIF/PO/2021-22/02 Dated 17.03.2022","17/03/2022","P.Obul Reddy & Sons,Tirupati","Storewel Plain -Prince Grey","21-22\05IN0360","21/03/2022","1","27519.00","27519.00","office","","","","","","",""
"4","17/03/2022","Furniture","Furniture","N.A","004","004/Storwell Godrej Furniture-Drawer Filling Cabinets / 17.03.2022","INIF/PO/2021-22/02 Dated 17.03.2022","17/03/2022","P.Obul Reddy & Sons,Tirupati","Storewel Plain -Prince Grey","21-22\05IN0360","21/03/2022","1","27519.00","27519.00","office","Renuka","","","","","",""
"3","17/03/2022","Furniture","Furniture","N.A","003","003/Storwell Godrej Furniture Storwel Plain/ 17.03.2022","INIF/PO/2021-22/02 Dated 17.03.2022","17/03/2022","P.Obul Reddy & Sons,Tirupati","4 Drawer Filling Cabinets (New) -Prince Grey","21-22\05IN0360","21/03/2022","1","25678.00","25678.00","Renuka","Renuka","","","","","",""
"2","17/03/2022","Furniture","Furniture","N.A","002","002/Storwell Godrej Furniture Storwel Plain/ 17.03.2022","INIF/PO/2021-22/02 Dated 17.03.2022","17/03/2022","P.Obul Reddy & Sons,Tirupati","4 Drawer Filling Cabinets (New) -Prince Grey","21-22\05IN0360","21/03/2022","1","25678.00","25678.00","Finance","Siva","","","","","",""
"1","25/01/2022","Computer Equipment","Laptop","Lenovo Laptop Serial No. MP22L23P/ MFG D.T 23.08.2021, LENOVO BAG BACK PACK","001","001/Laptop/25.01.2022 Lenovo Think 14s Yoga (20WEAOOWIH), I7-1165g7-16gb- 1Tb Ssd","INIF/PO/2021-22/01 Dated 24.01.2022","24/01/2022","Gowra Bits & Bytes Pvt.Ltd, Telangana","Lenovo Think 14s Yoga ITL, I7-1165g7, 16gb, 1Tb Ssd","2021-22/563","25/01/2022","1","123900.00","123900.00","PD","Roshan","","","","","",""